Rank this week,Rank last week,Player Name,Rounds,Average,Total Distance,Total Drives,Year
1,1,Rory McIlroy,64,319.7,"39,000",122,2018
2,2,Trey Mullinax,75,318.3,"43,929",138,2018
3,3,Tom Lovelady,87,315.9,"51,168",162,2018
4,4,Tony Finau,105,315.1,"56,721",180,2018
5,5,Luke List,98,314.6,"54,746",174,2018
6,6,Dustin Johnson,77,314.0,"43,953",140,2018
7,7,Gary Woodland,96,313.5,"52,042",166,2018
8,8,Brooks Koepka,64,313.4,"36,350",116,2018
9,9,Bubba Watson,90,313.1,"49,470",158,2018
10,10,Keith Mitchell,99,312.6,"60,646",194,2018
11,11,Justin Thomas,91,311.8,"46,153",148,2018
12,12,Brendan Steele,74,310.3,"39,103",126,2018
13,13,Kevin Tway,110,310.1,"59,535",192,2018
14,14,Jason Day,75,310.0,"37,195",120,2018
15,15,Jason Kokrak,99,309.5,"61,277",198,2018
16,16,Jon Rahm,71,308.9,"38,298",124,2018
17,17,Kevin Chappell,77,308.6,"45,670",148,2018
18,18,Harold Varner III,91,308.2,"49,935",162,2018
T19,T19,Byeong Hun An,86,307.9,"49,257",160,2018
T19,T19,Robert Garrigus,80,307.9,"46,803",152,2018
21,21,Nick Watney,94,307.5,"55,353",180,2018
22,22,Grayson Murray,72,307.3,"39,331",128,2018
23,23,Tommy Fleetwood,73,306.9,"38,059",124,2018
24,24,J.B. Holmes,77,306.1,"43,466",142,2018
25,25,Bryson DeChambeau,93,305.7,"56,854",186,2018
26,26,Adam Schenk,86,305.5,"48,881",160,2018
27,27,Ryan Palmer,69,305.2,"38,459",126,2018
28,28,Xander Schauffele,96,304.9,"49,388",162,2018
29,29,Adam Scott,78,304.6,"42,649",140,2018
30,30,Matt Jones,70,304.5,"37,757",124,2018
31,31,Paul Casey,74,304.3,"35,909",118,2018
T32,T32,Jhonattan Vegas,92,303.6,"46,756",154,2018
T32,T32,Tiger Woods,68,303.6,"41,286",136,2018
T34,T34,Patrick Rodgers,97,303.5,"51,601",170,2018
T34,T34,Justin Rose,70,303.5,"37,630",124,2018
36,36,Corey Conners,97,303.3,"56,421",186,2018
37,37,Jamie Lovemark,92,303.2,"48,514",160,2018
T38,T38,Patrick Cantlay,87,303.1,"46,078",152,2018
T38,T38,Brandon Harkins,101,303.1,"57,591",190,2018
40,40,Aaron Wise,90,302.9,"53,314",176,2018
T41,T41,Bronson Burgoon,69,302.8,"41,785",138,2018
T41,T41,Sam Saunders,80,302.8,"44,817",148,2018
T41,T41,Hudson Swafford,73,302.8,"33,307",110,2018
44,44,Sean O'Hair,67,302.7,"38,139",126,2018
45,45,Seamus Power,86,302.6,"47,212",156,2018
46,46,Lanto Griffin,80,302.5,"44,773",148,2018
47,47,Harris English,84,302.4,"47,182",156,2018
48,48,Peter Uihlein,83,302.2,"42,313",140,2018
49,49,Hideki Matsuyama,75,302.0,"38,657",128,2018
T50,T50,Matt Atkins,56,301.4,"31,346",104,2018
T50,T50,Ollie Schniederjans,91,301.4,"47,622",158,2018
T52,T52,Cody Gribble,71,301.0,"34,319",114,2018
T52,T52,Francesco Molinari,73,301.0,"39,730",132,2018
54,54,Charles Howell III,104,300.9,"52,953",176,2018
T55,T55,Shane Lowry,64,300.7,"33,674",112,2018
T55,T55,J.T. Poston,73,300.7,"42,698",142,2018
57,57,Phil Mickelson,90,300.3,"49,848",166,2018
T58,T58,Martin Flores,92,300.0,"49,195",164,2018
T58,T58,Chesson Hadley,103,300.0,"59,397",198,2018
T58,T58,Beau Hossler,104,300.0,"62,394",208,2018
T61,T61,Rickie Fowler,74,299.8,"44,363",148,2018
T61,T61,Louis Oosthuizen,62,299.8,"32,383",108,2018
T61,T61,Jordan Spieth,81,299.8,"45,563",152,2018
64,64,Scott Stallings,96,299.7,"51,556",172,2018
T65,T65,Keegan Bradley,98,299.6,"50,932",170,2018
T65,T65,Shawn Stefani,76,299.6,"44,338",148,2018
T67,T67,Charley Hoffman,87,299.5,"47,912",160,2018
T67,T67,Charl Schwartzel,65,299.5,"27,557",92,2018
T69,T69,Stephan Jaeger,81,299.2,"44,877",150,2018
T69,T69,Alex Noren,67,299.2,"33,506",112,2018
T71,T71,Martin Laird,73,299.0,"38,865",130,2018
T71,T71,Ethan Tracy,72,299.0,"40,662",136,2018
T71,T71,Jimmy Walker,81,299.0,"46,051",154,2018
T74,T74,Talor Gooch,78,298.9,"43,039",144,2018
T74,T74,Branden Grace,67,298.9,"31,089",104,2018
76,76,Tyrrell Hatton,58,298.8,"29,878",100,2018
T77,T77,James Hahn,85,298.7,"44,212",148,2018
T77,T77,Patton Kizzire,92,298.7,"53,174",178,2018
T77,T77,Xinjun Zhang,81,298.7,"42,417",142,2018
80,80,Marc Leishman,93,298.5,"48,952",164,2018
81,81,Cameron Smith,85,298.4,"41,770",140,2018
82,82,J.J. Spaun,85,298.2,"47,108",158,2018
T83,T83,Stewart Cink,87,298.1,"47,107",158,2018
T83,T83,Patrick Reed,94,298.1,"46,509",156,2018
T85,T85,Daniel Berger,81,297.7,"40,490",136,2018
T85,T85,Lucas Glover,65,297.7,"29,171",98,2018
87,87,Sam Ryder,82,297.3,"47,568",160,2018
88,88,Jason Dufner,71,297.1,"35,652",120,2018
89,89,Dominic Bozzelli,65,297.0,"38,614",130,2018
90,90,Hunter Mahan,67,296.9,"37,415",126,2018
91,91,Brice Garnett,99,296.7,"56,382",190,2018
92,92,Scott Piercy,84,296.6,"45,088",152,2018
93,93,Michael Thompson,62,296.4,"34,387",116,2018
T94,T94,Retief Goosen,60,296.2,"30,806",104,2018
T94,T94,Bill Haas,76,296.2,"41,474",140,2018
96,96,Abraham Ancer,98,296.1,"56,850",192,2018
97,97,Joel Dahmen,93,295.8,"50,290",170,2018
98,98,Kyle Stanley,93,295.7,"44,940",152,2018
99,99,Cameron Percy,56,295.6,"29,559",100,2018
T100,T100,Bud Cauley,55,295.4,"26,582",90,2018
T100,T100,Billy Horschel,86,295.4,"48,445",164,2018
T100,T100,Denny McCarthy,71,295.4,"37,224",126,2018
T100,T100,Troy Merritt,89,295.4,"50,222",170,2018
T100,T100,Brett Stegmaier,67,295.4,"36,034",122,2018
105,105,Aaron Baddeley,84,295.3,"46,068",156,2018
106,106,Emiliano Grillo,94,295.2,"49,588",168,2018
T107,T107,Rafa Cabrera Bello,75,295.1,"34,232",116,2018
T107,T107,Kevin Streelman,94,295.1,"54,307",184,2018
109,109,Mackenzie Hughes,80,294.9,"44,824",152,2018
T110,T110,Kiradech Aphibarnrat,51,294.7,"24,757",84,2018
T110,T110,Blayne Barber,69,294.7,"39,488",134,2018
112,112,Tyler Duncan,97,294.4,"54,752",186,2018
113,113,Matt Every,79,294.2,"44,123",150,2018
114,114,Anirban Lahiri,82,294.0,"43,507",148,2018
115,115,Nate Lashley,51,293.9,"27,629",94,2018
116,116,Andrew Putnam,97,293.8,"52,295",178,2018
117,117,Webb Simpson,95,293.7,"54,042",184,2018
T118,T118,Satoshi Kodaira,51,293.6,"28,190",96,2018
T118,T118,Ian Poulter,73,293.6,"32,879",112,2018
120,120,Nicholas Lindheim,77,293.5,"40,507",138,2018
121,121,Graeme McDowell,67,293.2,"32,252",110,2018
T122,T122,Jonas Blixt,67,293.1,"31,072",106,2018
T122,T122,Sung Kang,89,293.1,"45,143",154,2018
T122,T122,Brandt Snedeker,84,293.1,"48,064",164,2018
125,125,Russell Henley,77,293.0,"38,678",132,2018
T126,T126,C.T. Pan,104,292.7,"52,679",180,2018
T126,T126,Nick Taylor,94,292.7,"48,009",164,2018
T128,T128,Scott Brown,102,292.6,"52,663",180,2018
T128,T128,Robert Streb,78,292.6,"38,628",132,2018
T130,T130,Austin Cook,107,292.3,"62,543",214,2018
T130,T130,Rory Sabbatini,91,292.3,"52,026",178,2018
132,132,Martin Piller,79,292.2,"45,000",154,2018
T133,T133,Zecheng Dou,53,291.9,"26,270",90,2018
T133,T133,Brian Harman,94,291.9,"47,866",164,2018
T135,T135,J.J. Henry,81,291.8,"43,765",150,2018
T135,T135,Richy Werenski,98,291.8,"51,355",176,2018
T137,T137,Jonathan Byrd,70,291.7,"36,168",124,2018
T137,T137,Russell Knox,94,291.7,"50,170",172,2018
139,139,Henrik Stenson,60,291.5,"30,319",104,2018
140,140,Tom Hoge,101,291.4,"54,199",186,2018
141,141,Conrad Shindler,60,291.3,"32,621",112,2018
T142,T142,Fabián Gómez,88,291.1,"48,903",168,2018
T142,T142,Andrew Landry,82,291.1,"46,569",160,2018
T144,T144,Peter Malnati,87,290.9,"48,282",166,2018
T144,T144,Pat Perez,82,290.9,"36,659",126,2018
T146,T146,Si Woo Kim,108,290.8,"53,512",184,2018
T146,T146,Kevin Kisner,89,290.8,"45,369",156,2018
T148,T148,Ricky Barnes,65,290.6,"34,295",118,2018
T148,T148,Danny Lee,88,290.6,"45,333",156,2018
T148,T148,Andrew Yun,51,290.6,"26,153",90,2018
151,151,Tyrone Van Aswegen,101,290.3,"53,713",185,2018
152,152,Ben Silverman,90,290.2,"48,754",168,2018
153,153,Michael Kim,74,289.9,"38,265",132,2018
T154,T154,Zach Johnson,94,289.8,"50,427",174,2018
T154,T154,Chris Kirk,108,289.8,"59,123",204,2018
T154,T154,Chris Stroud,81,289.8,"37,675",130,2018
T157,T157,Ben Martin,64,289.6,"37,069",128,2018
T157,T157,Kevin Na,91,289.6,"45,175",156,2018
T159,T159,Adam Hadwin,92,289.4,"44,574",154,2018
T159,T159,Jonathan Randolph,71,289.4,"37,625",130,2018
T161,T161,William McGirt,84,289.3,"45,130",156,2018
T161,T161,Cameron Tringale,67,289.3,"36,450",126,2018
163,163,Ryan Moore,78,289.2,"45,109",156,2018
164,164,Derek Fathauer,84,289.1,"46,256",160,2018
165,165,Ryan Blaum,81,289.0,"45,079",156,2018
166,166,Steve Wheatcroft,60,288.9,"33,515",116,2018
167,167,Kelly Kraft,94,288.6,"48,478",168,2018
168,168,Rod Pampling,62,288.4,"28,842",100,2018
169,169,Matt Kuchar,88,288.0,"43,781",152,2018
T170,T170,John Huh,94,287.1,"51,686",180,2018
T170,T170,Daniel Summerhays,51,287.1,"25,836",90,2018
172,172,Alex Cejka,77,286.7,"39,567",138,2018
T173,T173,Chad Campbell,87,286.5,"40,684",142,2018
T173,T173,Chez Reavie,93,286.5,"42,402",148,2018
175,175,Roberto Díaz,72,286.3,"38,935",136,2018
T176,T176,Vaughn Taylor,83,286.1,"45,208",158,2018
T176,T176,Johnson Wagner,75,286.1,"39,487",138,2018
178,178,"Ted Potter, Jr.",87,286.0,"49,759",174,2018
179,179,Whee Kim,93,285.8,"46,299",162,2018
180,180,David Lingmerth,82,285.4,"44,515",156,2018
181,181,Kyle Thompson,50,285.3,"26,249",92,2018
182,182,Rob Oppenheim,74,285.2,"38,787",136,2018
183,183,David Hearn,66,285.1,"34,210",120,2018
184,184,Billy Hurley III,70,284.0,"36,354",128,2018
185,185,Ryan Armour,109,283.5,"60,663",214,2018
186,186,Brian Gay,103,282.9,"57,155",202,2018
187,187,Greg Chalmers,56,282.8,"29,413",104,2018
188,188,Ben Crane,65,281.1,"30,921",110,2018
189,189,D.A. Points,63,280.8,"32,015",114,2018
190,190,Jim Furyk,50,280.5,"26,930",96,2018
191,191,Wesley Bryan,69,280.4,"30,844",110,2018
192,192,Zac Blair,64,279.5,"32,427",116,2018
193,193,Brian Stuard,103,278.9,"54,106",194,2018
1,,Rory McIlroy,51,316.7,"26,600",84,2017
2,,Dustin Johnson,77,314.4,"40,241",128,2017
3,,Brandon Hagy,85,312.7,"48,162",154,2017
4,,Luke List,102,311.5,"61,046",196,2017
5,,Andrew Loupe,55,311.3,"32,371",104,2017
T6,,Ryan Brehm,83,310.5,"45,340",146,2017
T6,,Brooks Koepka,88,310.5,"44,717",144,2017
8,,Justin Thomas,86,309.3,"41,451",134,2017
T9,,Tony Finau,106,309.2,"61,842",200,2017
T9,,Kevin Tway,96,309.2,"54,421",176,2017
11,,Trey Mullinax,88,308.8,"48,176",156,2017
12,,Grayson Murray,94,308.2,"55,483",180,2017
13,,Gary Woodland,94,306.9,"47,268",154,2017
14,,J.B. Holmes,83,306.4,"41,674",136,2017
T15,,Jason Day,71,306.3,"39,203",128,2017
T15,,Patrick Rodgers,76,306.3,"42,884",140,2017
T15,,Xander Schauffele,96,306.3,"53,916",176,2017
18,,Adam Scott,58,306.1,"29,390",96,2017
19,,Jon Rahm,90,305.8,"49,536",162,2017
20,,Jason Kokrak,95,305.7,"53,184",174,2017
21,,Bubba Watson,71,305.6,"34,840",114,2017
22,,Hudson Swafford,94,305.1,"52,477",172,2017
23,,Smylie Kaufman,76,304.8,"40,842",134,2017
24,,Kevin Chappell,95,304.7,"47,539",156,2017
25,,Jamie Lovemark,98,304.5,"53,596",176,2017
26,,Ryan Palmer,61,303.1,"30,917",102,2017
27,,Hideki Matsuyama,83,302.9,"38,776",128,2017
28,,Matt Jones,64,302.6,"33,891",112,2017
29,,Harold Varner III,101,302.4,"57,462",190,2017
30,,Tag Ridings,67,301.6,"35,583",118,2017
31,,Harris English,84,301.2,"43,379",144,2017
32,,Graham DeLaet,82,301.1,"45,769",152,2017
T33,,Sergio Garcia,65,300.9,"30,093",100,2017
T33,,Nick Watney,75,300.9,"41,521",138,2017
35,,Jhonattan Vegas,95,300.8,"48,126",160,2017
T36,,Robert Garrigus,78,300.7,"43,307",144,2017
T36,,Ollie Schniederjans,92,300.7,"52,321",174,2017
38,,Martin Flores,88,300.6,"48,705",162,2017
39,,Rickie Fowler,78,300.5,"40,863",136,2017
40,,Justin Rose,66,300.4,"37,254",124,2017
T41,,Byeong Hun An,77,299.9,"37,193",124,2017
T41,,Brendan Steele,89,299.9,"45,580",152,2017
43,,Billy Horschel,88,299.5,"50,323",168,2017
44,,Keegan Bradley,104,299.4,"56,296",188,2017
45,,Andres Gonzales,73,299.2,"41,289",138,2017
46,,Bryson DeChambeau,91,299.1,"52,050",174,2017
47,,Patrick Cantlay,52,298.9,"28,699",96,2017
48,,Seung-Yul Noh,91,298.5,"51,943",174,2017
49,,Charl Schwartzel,63,298.4,"32,224",108,2017
50,,Charley Hoffman,112,298.3,"62,053",208,2017
T51,,Lucas Glover,93,298.1,"52,463",176,2017
T51,,Marc Leishman,94,298.1,"48,882",164,2017
T51,,Seamus Power,86,298.1,"47,702",160,2017
54,,Rick Lamb,54,298.0,"29,798",100,2017
55,,Matt Every,76,297.7,"41,672",140,2017
T56,,Russell Henley,99,297.6,"55,357",186,2017
T56,,Scott Stallings,81,297.6,"45,832",154,2017
T58,,Cody Gribble,79,297.2,"45,770",154,2017
T58,,Sean O'Hair,84,297.2,"46,361",156,2017
T60,,Paul Casey,94,297.0,"46,325",156,2017
T60,,Anirban Lahiri,72,297.0,"40,391",136,2017
62,,Charles Howell III,86,296.9,"46,318",156,2017
T63,,Daniel Berger,91,296.5,"45,063",152,2017
T63,,Kyle Stanley,104,296.5,"59,304",200,2017
65,,Sung Kang,104,296.4,"58,094",196,2017
66,,Martin Laird,83,296.1,"46,784",158,2017
T67,,Brian Campbell,55,296.0,"30,188",102,2017
T67,,Bud Cauley,92,296.0,"50,910",172,2017
T67,,Sebastián Muñoz,51,296.0,"29,004",98,2017
70,,Stewart Cink,93,295.8,"52,659",178,2017
71,,Jimmy Walker,68,295.7,"34,894",118,2017
72,,Patrick Reed,107,295.3,"51,971",176,2017
73,,Louis Oosthuizen,69,295.2,"31,879",108,2017
T74,,Shane Lowry,52,295.1,"24,200",82,2017
T74,,Scott Piercy,70,295.1,"33,637",114,2017
76,,Jordan Spieth,85,295.0,"43,660",148,2017
77,,J.T. Poston,95,294.8,"50,117",170,2017
T78,,Jason Dufner,89,294.5,"47,113",160,2017
T78,,Hunter Mahan,73,294.5,"41,814",142,2017
80,,Dominic Bozzelli,69,294.4,"38,278",130,2017
T81,,Mackenzie Hughes,106,294.3,"61,211",208,2017
T81,,Robert Streb,98,294.3,"52,980",180,2017
83,,J.J. Henry,92,294.1,"50,585",172,2017
T84,,Shawn Stefani,72,294.0,"39,985",136,2017
T84,,Kevin Streelman,90,294.0,"51,736",176,2017
T86,,James Hahn,96,293.9,"54,083",184,2017
T86,,Morgan Hoffmann,92,293.9,"51,728",176,2017
88,,Sam Saunders,76,293.6,"41,097",140,2017
T89,,Julián Etulain,68,293.5,"36,978",126,2017
T89,,Phil Mickelson,85,293.5,"46,956",160,2017
T91,,Emiliano Grillo,90,293.0,"45,127",154,2017
T91,,Patton Kizzire,84,293.0,"44,531",152,2017
T93,,Aaron Baddeley,61,292.6,"31,014",106,2017
T93,,Cameron Smith,86,292.6,"47,989",164,2017
T95,,Jim Herman,77,292.5,"41,536",142,2017
T95,,Cameron Percy,71,292.5,"38,027",130,2017
97,,Bill Haas,92,292.3,"45,019",154,2017
98,,Gonzalo Fernandez-Castaño,63,292.1,"32,720",112,2017
T99,,Kelly Kraft,75,291.9,"41,453",142,2017
T99,,Francesco Molinari,75,291.9,"38,535",132,2017
101,,Retief Goosen,52,291.8,"26,843",92,2017
102,,Ben Martin,86,291.7,"46,087",158,2017
T103,,Rory Sabbatini,71,291.6,"37,911",130,2017
T103,,Nick Taylor,97,291.6,"55,408",190,2017
105,,J.J. Spaun,92,291.5,"50,146",172,2017
T106,,Blayne Barber,77,291.2,"41,355",142,2017
T106,,Richy Werenski,81,291.2,"43,102",148,2017
108,,Danny Lee,93,291.1,"49,486",170,2017
109,,Rafa Cabrera Bello,63,291.0,"27,934",96,2017
110,,Adam Hadwin,98,290.7,"52,331",180,2017
T111,,Branden Grace,70,290.6,"29,644",102,2017
T111,,Pat Perez,93,290.6,"48,828",168,2017
113,,Boo Weekley,75,289.9,"42,332",146,2017
T114,,David Lingmerth,79,289.8,"38,828",134,2017
T114,,Troy Merritt,82,289.8,"42,887",148,2017
T116,,Brian Harman,104,289.6,"53,280",184,2017
T116,,Michael Kim,94,289.6,"52,130",180,2017
118,,Whee Kim,74,289.4,"39,354",136,2017
119,,Scott Brown,95,289.0,"52,591",182,2017
T120,,Jonas Blixt,74,288.8,"40,435",140,2017
T120,,Ryo Ishikawa,56,288.8,"30,035",104,2017
T122,,Kevin Kisner,105,288.7,"49,657",172,2017
T122,,Brett Stegmaier,78,288.7,"41,573",144,2017
T122,,Camilo Villegas,76,288.7,"41,579",144,2017
125,,Si Woo Kim,80,288.4,"36,337",126,2017
126,,Brad Fritsch,56,288.3,"29,988",104,2017
T127,,Miguel Angel Carballo,63,288.1,"32,849",114,2017
T127,,Johnson Wagner,71,288.1,"36,299",126,2017
T129,,Russell Knox,75,288.0,"34,561",120,2017
T129,,Ryan Moore,82,288.0,"40,894",142,2017
131,,Rod Pampling,71,287.8,"40,864",142,2017
132,,Steven Bowditch,59,287.3,"31,608",110,2017
T133,,Jonathan Randolph,68,287.2,"33,887",118,2017
T133,,Tyrone Van Aswegen,105,287.2,"53,412",186,2017
T135,,John Huh,92,287.1,"48,229",168,2017
T135,,Nicholas Lindheim,58,287.1,"32,151",112,2017
T135,,C.T. Pan,88,287.1,"48,230",168,2017
138,,Chris Kirk,89,287.0,"47,637",166,2017
139,,Daniel Summerhays,100,286.9,"49,340",172,2017
T140,,Zach Johnson,81,286.8,"41,872",146,2017
T140,,Chris Stroud,67,286.8,"33,847",118,2017
T142,,Derek Fathauer,81,286.5,"40,684",142,2017
T142,,Geoff Ogilvy,80,286.5,"41,261",144,2017
144,,Brett Drewitt,57,286.4,"30,356",106,2017
145,,Webb Simpson,102,286.2,"54,381",190,2017
146,,Kyle Reifers,96,286.1,"48,062",168,2017
147,,Chad Campbell,97,285.6,"53,121",186,2017
T148,,Fabián Gómez,61,285.1,"33,638",118,2017
T148,,Tom Hoge,54,285.1,"26,226",92,2017
T148,,Matt Kuchar,95,285.1,"47,892",168,2017
151,,Ricky Barnes,100,284.9,"50,148",176,2017
T152,,William McGirt,89,284.8,"44,995",158,2017
T152,,Chez Reavie,98,284.8,"49,553",174,2017
T152,,Michael Thompson,60,284.8,"31,903",112,2017
155,,Ryan Blaum,100,284.1,"54,539",192,2017
156,,Mark Anderson,54,283.8,"29,512",104,2017
T157,,Ernie Els,52,283.6,"24,960",88,2017
T157,,Kevin Na,86,283.6,"39,703",140,2017
159,,Ian Poulter,72,283.5,"36,282",128,2017
160,,Mark Hubbard,81,282.7,"39,581",140,2017
161,,Vaughn Taylor,90,282.4,"47,446",168,2017
162,,Peter Malnati,91,282.3,"45,737",162,2017
163,,K.J. Choi,72,282.2,"34,993",124,2017
164,,Alex Cejka,85,282.1,"41,184",146,2017
165,,Chad Collins,66,281.4,"34,898",124,2017
166,,David Hearn,93,281.0,"45,517",162,2017
167,,Cameron Tringale,89,280.9,"44,390",158,2017
168,,Brandt Snedeker,53,280.8,"25,829",92,2017
169,,Steve Wheatcroft,51,280.5,"26,370",94,2017
T170,,Roberto Castro,70,280.2,"34,749",124,2017
T170,,Carl Pettersson,63,280.2,"33,066",118,2017
172,,Wesley Bryan,95,279.6,"49,775",178,2017
173,,Tim Wilkinson,64,279.5,"32,427",116,2017
T174,,Spencer Levin,89,279.0,"45,191",162,2017
T174,,Graeme McDowell,56,279.0,"30,128",108,2017
176,,Ryan Armour,63,278.8,"32,898",118,2017
177,,Brian Gay,82,278.7,"43,483",156,2017
T178,,Ben Crane,86,278.5,"44,000",158,2017
T178,,Luke Donald,50,278.5,"26,732",96,2017
180,,D.A. Points,68,278.1,"37,816",136,2017
181,,Greg Chalmers,75,278.0,"39,470",142,2017
182,,Bryce Molder,74,277.0,"40,994",148,2017
T183,,Steven Alker,69,276.9,"34,884",126,2017
T183,,Billy Hurley III,80,276.9,"42,083",152,2017
185,,Jason Bohn,75,275.9,"39,180",142,2017
186,,Ken Duke,77,274.2,"38,939",142,2017
187,,Søren Kjeldsen,58,273.6,"24,621",90,2017
188,,Zac Blair,105,272.7,"51,820",190,2017
189,,Brian Stuard,93,272.3,"44,109",162,2017
190,,Jim Furyk,54,270.1,"25,388",94,2017
1,1,J.B. Holmes,77,314.5,"46,541",148,2016
2,2,Dustin Johnson,87,313.6,"48,921",156,2016
3,3,Tony Finau,95,312.2,"56,820",182,2016
4,4,Bubba Watson,72,310.6,"40,382",130,2016
5,5,Andrew Loupe,75,309.3,"46,084",149,2016
6,6,Jason Kokrak,89,307.4,"54,711",178,2016
T7,T7,Luke List,79,306.9,"47,257",154,2016
T7,T7,Hudson Swafford,104,306.9,"61,380",200,2016
9,9,Rory McIlroy,69,306.8,"35,585",116,2016
10,10,Gary Woodland,95,306.1,"50,811",166,2016
11,11,Jamie Lovemark,91,304.8,"55,160",181,2016
12,12,Ryan Palmer,86,304.7,"52,410",172,2016
13,13,Adam Scott,79,304.6,"41,422",136,2016
14,14,Jhonattan Vegas,97,304.4,"56,616",186,2016
15,15,Jason Day,76,304.2,"41,973",138,2016
16,16,Justin Rose,65,303.9,"37,687",124,2016
17,17,Charles Howell III,91,303.4,"52,788",174,2016
18,18,Robert Garrigus,69,303.3,"39,128",129,2016
19,19,Brooks Koepka,75,302.6,"42,359",140,2016
T20,T20,Sean O'Hair,89,302.2,"53,787",178,2016
T20,T20,Brendan Steele,88,302.2,"48,355",160,2016
22,22,Harold Varner III,92,302.0,"54,967",182,2016
23,23,Rickie Fowler,80,301.6,"44,029",146,2016
T24,T24,Justin Thomas,99,301.3,"53,034",176,2016
T24,T24,Jimmy Walker,85,301.3,"49,410",164,2016
26,26,Patrick Rodgers,89,300.5,"51,088",170,2016
27,27,Keegan Bradley,82,300.0,"46,794",156,2016
28,28,Sergio Garcia,54,299.9,"25,792",86,2016
29,29,Harris English,97,299.2,"52,951",177,2016
30,30,Smylie Kaufman,91,299.0,"52,632",176,2016
31,31,Carlos Ortiz,79,298.9,"42,439",142,2016
32,32,Shane Lowry,57,298.7,"29,869",100,2016
33,33,Martin Laird,82,298.5,"46,569",156,2016
34,34,Daniel Berger,92,298.4,"48,337",162,2016
35,35,Lucas Glover,75,298.3,"44,751",150,2016
36,36,Charley Hoffman,91,298.2,"52,477",176,2016
T37,T37,Graham DeLaet,70,297.9,"38,728",130,2016
T37,T37,Scott Piercy,87,297.9,"44,680",150,2016
39,39,Greg Owen,85,297.7,"45,851",154,2016
40,40,Rhein Gibson,58,297.5,"32,126",108,2016
41,41,Patrick Reed,105,297.4,"55,324",186,2016
42,42,Stewart Cink,61,296.9,"33,842",114,2016
43,43,Scott Pinckney,87,296.8,"48,085",162,2016
44,44,Charl Schwartzel,73,296.7,"39,161",132,2016
45,45,Chesson Hadley,81,296.5,"44,174",149,2016
46,46,Kevin Chappell,93,296.3,"52,737",178,2016
47,47,Nick Taylor,83,296.2,"44,429",150,2016
T48,T48,Branden Grace,63,295.6,"30,742",104,2016
T48,T48,Russell Henley,76,295.6,"44,929",152,2016
50,50,Scott Stallings,74,295.5,"41,368",140,2016
51,51,Jordan Spieth,80,295.4,"42,543",144,2016
T52,T52,Seung-Yul Noh,85,295.3,"47,834",162,2016
T52,T52,Brett Stegmaier,87,295.3,"49,902",169,2016
54,54,Paul Casey,77,295.2,"38,966",132,2016
55,55,Marc Leishman,89,295.0,"46,020",156,2016
T56,T56,Matt Jones,83,294.8,"42,153",143,2016
T56,T56,Hunter Mahan,61,294.8,"33,612",114,2016
T56,T56,Phil Mickelson,75,294.8,"42,456",144,2016
T59,T59,Andres Gonzales,80,294.7,"45,980",156,2016
T59,T59,Andrew Landry,53,294.7,"28,876",98,2016
T59,T59,Wes Roach,59,294.7,"32,415",110,2016
T59,T59,Robert Streb,87,294.7,"44,496",151,2016
T63,T63,Ángel Cabrera,62,294.6,"36,530",124,2016
T63,T63,Derek Ernst,59,294.6,"33,585",114,2016
65,65,Hideki Matsuyama,76,294.5,"39,467",134,2016
66,66,Morgan Hoffmann,71,294.4,"37,100",126,2016
67,67,Emiliano Grillo,93,294.3,"50,626",172,2016
68,68,Louis Oosthuizen,63,294.0,"30,571",104,2016
69,69,Si Woo Kim,113,293.5,"63,684",217,2016
70,70,Jason Dufner,105,293.2,"57,471",196,2016
71,71,Bronson Burgoon,83,293.1,"46,018",157,2016
72,72,Billy Horschel,73,293.0,"41,020",140,2016
73,73,Willy Wilcox,67,292.9,"38,080",130,2016
74,74,Ernie Els,66,292.8,"36,310",124,2016
75,75,Brandt Snedeker,93,292.6,"52,078",178,2016
76,76,Scott Brown,88,292.5,"49,144",168,2016
77,77,Sung Kang,89,292.4,"50,873",174,2016
78,78,Shawn Stefani,91,292.1,"50,817",174,2016
79,79,Steve Marino,72,292.0,"39,415",135,2016
80,80,Geoff Ogilvy,63,291.9,"34,439",118,2016
81,81,Sam Saunders,69,291.8,"37,940",130,2016
T82,T82,Aaron Baddeley,93,291.7,"51,925",178,2016
T82,T82,Anirban Lahiri,72,291.7,"35,587",122,2016
84,84,Boo Weekley,83,291.5,"48,383",166,2016
85,85,Michael Thompson,71,291.4,"39,340",135,2016
86,86,Patton Kizzire,93,291.3,"51,848",178,2016
87,87,Jim Herman,93,291.1,"51,815",178,2016
88,88,James Hahn,85,290.9,"46,543",160,2016
89,89,Thomas Aiken,70,290.5,"36,016",124,2016
90,90,Jonas Blixt,79,290.3,"44,126",152,2016
91,91,Dawie van der Walt,72,290.2,"40,622",140,2016
92,92,Adam Hadwin,93,290.1,"53,672",185,2016
T93,T93,Kelly Kraft,63,289.8,"33,906",117,2016
T93,T93,Vijay Singh,72,289.8,"41,732",144,2016
T95,T95,Brian Harman,104,289.7,"57,648",199,2016
T95,T95,John Senden,88,289.7,"47,215",163,2016
T97,T97,Blayne Barber,84,289.6,"46,331",160,2016
T97,T97,Bill Haas,86,289.6,"47,495",164,2016
T97,T97,Padraig Harrington,54,289.6,"28,960",100,2016
100,100,Tom Hoge,81,289.5,"44,584",154,2016
101,101,Johnson Wagner,86,289.4,"49,779",172,2016
102,102,Luke Guthrie,57,289.3,"31,822",110,2016
103,103,Jason Gore,78,289.2,"40,486",140,2016
104,104,Kevin Streelman,82,289.1,"47,406",164,2016
T105,T105,Fabián Gómez,82,289.0,"45,664",158,2016
T105,T105,Kevin Kisner,97,289.0,"49,704",172,2016
107,107,Steven Bowditch,71,288.9,"36,398",126,2016
T108,T108,Retief Goosen,55,288.8,"31,764",110,2016
T108,T108,Hiroshi Iwata,85,288.8,"45,339",157,2016
T108,T108,Ben Martin,92,288.8,"48,520",168,2016
111,111,Derek Fathauer,94,288.2,"54,190",188,2016
T112,T112,Henrik Norlander,71,288.1,"38,316",133,2016
T112,T112,Kyle Stanley,92,288.1,"51,001",177,2016
T114,T114,Daniel Summerhays,99,288.0,"52,423",182,2016
T114,T114,Tyrone Van Aswegen,105,288.0,"58,178",202,2016
116,116,Chad Campbell,90,287.9,"49,522",172,2016
117,117,Rod Pampling,54,287.7,"28,768",100,2016
T118,T118,Ricky Barnes,97,287.6,"53,488",186,2016
T118,T118,Whee Kim,82,287.6,"44,870",156,2016
T118,T118,William McGirt,98,287.6,"56,373",196,2016
T118,T118,Rory Sabbatini,57,287.6,"28,762",100,2016
122,122,Brendon de Jonge,83,287.5,"44,273",154,2016
T123,T123,J.J. Henry,68,287.3,"37,930",132,2016
T123,T123,Chez Reavie,90,287.3,"49,411",172,2016
T123,T123,Kyle Reifers,115,287.3,"61,187",213,2016
126,126,Troy Merritt,77,287.2,"41,924",146,2016
T127,T127,Vaughn Taylor,72,287.0,"41,325",144,2016
T127,T127,Camilo Villegas,83,287.0,"45,349",158,2016
129,129,Francesco Molinari,64,286.7,"36,692",128,2016
T130,T130,Danny Lee,93,286.6,"48,149",168,2016
T130,T130,Martin Piller,59,286.6,"32,388",113,2016
T132,T132,Webb Simpson,70,286.3,"40,075",140,2016
T132,T132,Cameron Smith,73,286.3,"34,930",122,2016
T132,T132,Chris Stroud,82,286.3,"45,813",160,2016
135,135,Steve Wheatcroft,85,286.2,"46,371",162,2016
136,136,Chris Kirk,90,285.9,"46,313",162,2016
T137,T137,Russell Knox,92,285.8,"46,292",162,2016
T137,T137,Matt Kuchar,100,285.8,"54,876",192,2016
139,139,Scott Langley,65,285.7,"35,999",126,2016
140,140,Will MacKenzie,84,285.6,"45,699",160,2016
141,141,Tyler Aldridge,83,285.2,"45,059",158,2016
142,142,Cameron Tringale,81,285.1,"41,621",146,2016
143,143,Jeff Overton,69,285.0,"37,050",130,2016
144,144,David Lingmerth,84,284.8,"41,580",146,2016
T145,T145,Erik Compton,65,284.7,"35,868",126,2016
T145,T145,John Huh,86,284.7,"48,394",170,2016
147,147,George McNeill,51,284.5,"29,022",102,2016
148,148,Michael Kim,100,284.3,"54,595",192,2016
149,149,Roberto Castro,97,284.2,"55,136",194,2016
150,150,Ryan Moore,86,283.2,"43,615",154,2016
151,151,Luke Donald,81,282.9,"41,306",146,2016
152,152,Stuart Appleby,71,282.7,"39,010",138,2016
153,153,D.A. Points,55,282.3,"28,791",102,2016
154,154,Robert Allenby,51,282.2,"28,782",102,2016
155,155,Alex Cejka,71,281.5,"35,475",126,2016
156,156,Graeme McDowell,63,281.4,"33,773",120,2016
157,157,Spencer Levin,104,281.3,"54,019",192,2016
T158,T158,David Hearn,95,281.2,"51,186",182,2016
T158,T158,Rob Oppenheim,67,281.2,"35,156",125,2016
160,160,Jim Furyk,52,280.8,"29,203",104,2016
161,161,D.H. Lee,61,280.4,"31,971",114,2016
T162,T162,Ben Crane,80,280.3,"40,362",144,2016
T162,T162,Freddie Jacobson,86,280.3,"48,219",172,2016
T164,T164,Ken Duke,58,280.2,"30,257",108,2016
T164,T164,Mark Hubbard,101,280.2,"54,354",194,2016
T164,T164,Bryce Molder,80,280.2,"43,709",156,2016
T167,T167,Zach Johnson,90,280.1,"48,185",172,2016
T167,T167,Brendon Todd,66,280.1,"35,290",126,2016
169,169,Peter Malnati,85,279.7,"47,549",170,2016
170,170,Kevin Na,96,279.6,"47,531",170,2016
T171,T171,Chad Collins,73,279.3,"40,776",146,2016
T171,T171,Tim Wilkinson,72,279.3,"37,981",136,2016
173,173,Dicky Pride,55,278.9,"29,561",106,2016
174,174,Jerry Kelly,76,278.2,"40,063",144,2016
175,175,Steve Stricker,53,278.0,"29,471",106,2016
T176,T176,Billy Hurley III,66,277.7,"36,657",132,2016
T176,T176,Brian Stuard,66,277.7,"36,657",132,2016
178,178,Abraham Ancer,51,276.4,"26,534",96,2016
179,179,Jason Bohn,67,276.3,"37,020",134,2016
T180,T180,Zac Blair,99,275.3,"50,113",182,2016
T180,T180,K.J. Choi,73,275.3,"40,190",146,2016
182,182,Mark Wilson,66,274.7,"34,063",124,2016
183,183,Jon Curran,99,271.9,"51,654",190,2016
T184,T184,Colt Knost,90,269.7,"44,236",164,2016
T184,T184,David Toms,62,269.7,"33,439",124,2016
1,1,Dustin Johnson,75,317.7,"45,109",142,2015
2,2,Bubba Watson,71,315.2,"40,351",128,2015
3,3,Jason Day,75,313.7,"45,166",144,2015
4,4,Adam Scott,51,311.6,"27,425",88,2015
5,5,J.B. Holmes,89,309.9,"47,731",154,2015
6,6,Charlie Beljan,76,309.8,"41,516",134,2015
7,7,Tony Finau,106,309.0,"64,897",210,2015
8,8,Brooks Koepka,84,308.2,"49,312",160,2015
9,9,Patrick Rodgers,57,307.7,"31,997",104,2015
10,10,Keegan Bradley,87,306.1,"48,362",158,2015
11,11,Jason Kokrak,88,305.6,"53,789",176,2015
12,12,Gary Woodland,81,305.5,"39,709",130,2015
13,13,Ryan Palmer,80,305.2,"43,955",144,2015
14,14,Justin Rose,69,303.5,"37,636",124,2015
15,15,Justin Thomas,106,303.2,"63,667",210,2015
16,16,Brendan Steele,88,302.9,"50,277",166,2015
17,17,Charles Howell III,105,302.7,"62,968",208,2015
T18,T18,Daniel Berger,97,302.1,"58,001",192,2015
T18,T18,Steven Bowditch,103,302.1,"59,213",196,2015
20,20,Robert Garrigus,70,301.7,"39,218",130,2015
21,21,Jimmy Walker,89,301.6,"48,854",162,2015
T22,T22,Martin Laird,77,300.5,"45,672",152,2015
T22,T22,Phil Mickelson,70,300.5,"42,068",140,2015
24,24,Charl Schwartzel,67,300.4,"32,438",108,2015
T25,T25,Sergio Garcia,59,300.0,"28,802",96,2015
T25,T25,Lee Westwood,56,300.0,"26,404",88,2015
27,27,Jhonattan Vegas,90,299.9,"48,585",162,2015
28,28,Ángel Cabrera,53,299.7,"31,763",106,2015
T29,T29,Charley Hoffman,97,298.9,"55,596",186,2015
T29,T29,Hudson Swafford,97,298.9,"56,192",188,2015
31,31,Louis Oosthuizen,68,298.8,"35,261",118,2015
32,32,Graham DeLaet,65,298.7,"38,236",128,2015
T33,T33,Harris English,105,298.4,"60,286",202,2015
T33,T33,Carlos Ortiz,100,298.4,"54,309",182,2015
35,35,Paul Casey,87,297.8,"46,450",156,2015
T36,T36,Russell Henley,87,297.1,"46,941",158,2015
T36,T36,Robert Streb,110,297.1,"65,357",220,2015
38,38,Lucas Glover,79,296.9,"46,911",158,2015
T39,T39,Martin Flores,95,296.8,"53,430",180,2015
T39,T39,Rickie Fowler,76,296.8,"40,367",136,2015
41,41,Scott Piercy,90,296.7,"53,410",180,2015
42,42,Willy Wilcox,58,296.6,"29,064",98,2015
43,43,Henrik Stenson,63,296.4,"33,202",112,2015
44,44,Shawn Stefani,94,296.3,"55,704",188,2015
45,45,Morgan Hoffmann,85,296.1,"47,382",160,2015
46,46,Matt Jones,89,296.0,"45,585",154,2015
T47,T47,Sean O'Hair,86,295.3,"50,792",172,2015
T47,T47,Andres Romero,69,295.3,"38,683",131,2015
49,49,Alex Prugh,84,295.2,"46,642",158,2015
T50,T50,Derek Ernst,75,295.1,"41,308",140,2015
T50,T50,James Hahn,94,295.1,"52,523",178,2015
T50,T50,Hunter Mahan,88,295.1,"46,626",158,2015
53,53,Billy Horschel,99,295.0,"51,924",176,2015
54,54,Jamie Donaldson,50,294.9,"25,363",86,2015
55,55,Marc Leishman,74,294.8,"35,962",122,2015
56,56,Davis Love III,51,294.7,"27,703",94,2015
T57,T57,Andres Gonzales,90,294.5,"50,069",170,2015
T57,T57,Hideki Matsuyama,95,294.5,"48,885",166,2015
59,59,Max Homa,78,294.2,"42,957",146,2015
60,60,Aaron Baddeley,76,294.1,"42,941",146,2015
61,61,Nick Watney,91,294.0,"52,919",180,2015
T62,T62,Jim Herman,88,293.8,"51,121",174,2015
T62,T62,Greg Owen,58,293.8,"33,492",114,2015
64,64,Geoff Ogilvy,50,293.7,"27,608",94,2015
T65,T65,Stewart Cink,77,293.6,"42,869",146,2015
T65,T65,Roger Sloan,56,293.6,"29,946",102,2015
67,67,Kevin Chappell,86,293.5,"48,133",164,2015
68,68,Sam Saunders,83,293.2,"47,492",162,2015
69,69,Patrick Reed,103,292.9,"53,893",184,2015
70,70,Seung-Yul Noh,65,292.7,"35,705",122,2015
71,71,Retief Goosen,81,292.6,"42,725",146,2015
T72,T72,J.J. Henry,94,292.3,"52,035",178,2015
T72,T72,Nick Taylor,91,292.3,"53,198",182,2015
T74,T74,Tom Hoge,83,292.2,"45,576",156,2015
T74,T74,Camilo Villegas,83,292.2,"48,512",166,2015
76,76,Boo Weekley,79,292.0,"43,223",148,2015
77,77,Byron Smith,59,291.9,"31,521",108,2015
T78,T78,Jordan Spieth,91,291.8,"48,431",166,2015
T78,T78,Scott Stallings,60,291.8,"30,351",104,2015
80,80,Ernie Els,57,291.7,"30,925",106,2015
81,81,Carl Pettersson,106,291.6,"61,245",210,2015
T82,T82,Bill Haas,89,290.7,"47,675",164,2015
T82,T82,Chesson Hadley,101,290.7,"56,398",194,2015
T82,T82,Johnson Wagner,68,290.7,"38,958",134,2015
85,85,Vijay Singh,78,290.6,"44,760",154,2015
86,86,Padraig Harrington,60,290.5,"34,857",120,2015
87,87,Jason Gore,76,290.4,"41,522",143,2015
88,88,Scott Pinckney,88,290.3,"50,510",174,2015
89,89,John Senden,80,290.2,"38,303",132,2015
T90,T90,Cameron Percy,72,290.0,"40,016",138,2015
T90,T90,Rory Sabbatini,81,290.0,"44,074",152,2015
92,92,Sangmoon Bae,98,289.8,"53,911",186,2015
T93,T93,Oscar Fraustro,58,289.5,"30,691",106,2015
T93,T93,David Lingmerth,90,289.5,"49,223",170,2015
T93,T93,Kevin Streelman,95,289.5,"48,052",166,2015
T93,T93,Bo Van Pelt,81,289.5,"45,159",156,2015
97,97,Webb Simpson,81,289.4,"45,146",156,2015
T98,T98,Gonzalo Fernandez-Castaño,81,289.3,"43,974",152,2015
T98,T98,Michael Thompson,83,289.3,"46,280",160,2015
100,100,Ryo Ishikawa,90,289.2,"48,578",168,2015
T101,T101,Derek Fathauer,81,288.8,"43,903",152,2015
T101,T101,Michael Putnam,87,288.8,"46,210",160,2015
103,103,Blayne Barber,76,288.6,"42,718",148,2015
104,104,Matt Kuchar,97,288.5,"53,658",186,2015
T105,T105,Erik Compton,86,288.4,"49,020",170,2015
T105,T105,Brandt Snedeker,98,288.4,"51,920",180,2015
107,107,Steve Wheatcroft,87,288.3,"47,276",164,2015
T108,T108,Scott Brown,97,288.2,"55,336",192,2015
T108,T108,Adam Hadwin,95,288.2,"53,029",184,2015
T110,T110,Ben Martin,93,288.1,"51,851",180,2015
T110,T110,John Peterson,84,288.1,"48,402",168,2015
112,112,Kyle Reifers,96,288.0,"52,407",182,2015
113,113,Brian Harman,90,287.9,"51,255",178,2015
114,114,Kevin Kisner,104,287.8,"59,862",208,2015
115,115,Bill Lunde,50,287.7,"25,893",90,2015
116,116,Jonas Blixt,78,287.6,"37,389",130,2015
117,117,Jonathan Byrd,69,287.5,"34,782",121,2015
118,118,Jonathan Randolph,72,287.2,"40,203",140,2015
T119,T119,Brice Garnett,81,287.1,"43,070",150,2015
T119,T119,Andrew Svoboda,80,287.1,"44,207",154,2015
T121,T121,Jason Dufner,76,286.7,"36,692",128,2015
T121,T121,Ian Poulter,68,286.7,"34,978",122,2015
123,123,Matt Every,73,286.6,"35,534",124,2015
124,124,Eric Axley,57,286.4,"30,932",108,2015
125,125,Chez Reavie,56,286.3,"31,494",110,2015
126,126,George McNeill,93,286.2,"53,225",186,2015
127,127,Nicholas Thompson,90,286.0,"46,912",164,2015
128,128,Chris Kirk,76,285.8,"39,439",138,2015
129,129,Tyrone Van Aswegen,58,285.6,"30,277",106,2015
130,130,Brendon de Jonge,106,285.3,"57,635",202,2015
T131,T131,Chad Campbell,97,285.2,"55,327",194,2015
T131,T131,Troy Merritt,91,285.2,"49,623",174,2015
133,133,John Merrick,78,285.0,"41,606",146,2015
134,134,Jeff Overton,94,284.8,"49,554",174,2015
135,135,Pat Perez,96,284.6,"52,364",184,2015
136,136,Russell Knox,96,284.4,"54,605",192,2015
137,137,Daniel Summerhays,101,284.0,"57,365",202,2015
138,138,Luke Guthrie,84,283.9,"43,727",154,2015
T139,T139,Spencer Levin,99,283.7,"54,461",192,2015
T139,T139,Sung Joon Park,79,283.7,"43,126",152,2015
T141,T141,Ricky Barnes,82,283.3,"41,926",148,2015
T141,T141,Alex Cejka,94,283.3,"52,119",184,2015
T141,T141,Jim Renner,68,283.3,"36,827",130,2015
144,144,Fabián Gómez,83,283.2,"46,448",164,2015
145,145,Danny Lee,120,283.1,"65,103",230,2015
146,146,Chris Stroud,84,283.0,"45,275",160,2015
147,147,Robert Allenby,63,282.7,"30,534",108,2015
T148,T148,Zach Johnson,90,282.6,"48,615",172,2015
T148,T148,Ryan Moore,81,282.6,"39,568",140,2015
150,150,Whee Kim,71,282.4,"38,976",138,2015
151,151,Jim Furyk,71,281.9,"36,084",128,2015
152,152,Cameron Tringale,96,281.8,"54,114",192,2015
153,153,Francesco Molinari,56,281.6,"29,849",106,2015
154,154,Greg Chalmers,58,281.5,"27,583",98,2015
155,155,D.A. Points,72,280.8,"38,744",138,2015
156,156,David Hearn,97,280.6,"54,445",194,2015
157,157,Scott Langley,94,280.5,"51,323",183,2015
158,158,William McGirt,103,280.4,"57,762",206,2015
159,159,Kevin Na,98,280.1,"48,732",174,2015
T160,T160,Roberto Castro,54,279.8,"25,185",90,2015
T160,T160,John Huh,102,279.8,"56,527",202,2015
162,162,Mark Wilson,89,279.2,"47,456",170,2015
163,163,Tim Wilkinson,73,279.1,"36,840",132,2015
164,164,Andrew Putnam,68,278.7,"35,114",126,2015
165,165,Mark Hubbard,79,278.5,"42,325",152,2015
166,166,Chad Collins,79,278.4,"43,438",156,2015
167,167,Steven Alker,62,278.3,"33,396",120,2015
168,168,Ken Duke,93,278.1,"48,946",176,2015
169,169,Bryce Molder,91,277.9,"48,359",174,2015
170,170,Jerry Kelly,79,277.2,"43,515",157,2015
171,171,Jason Bohn,95,277.1,"52,655",190,2015
172,172,Luke Donald,71,277.0,"37,123",134,2015
173,173,Colt Knost,90,276.6,"47,030",170,2015
T174,T174,K.J. Choi,66,276.5,"32,070",116,2015
T174,T174,Brian Stuard,97,276.5,"48,666",176,2015
176,176,Brendon Todd,96,276.4,"48,638",176,2015
177,177,Heath Slocum,57,275.8,"26,480",96,2015
178,178,Brian Davis,86,275.5,"42,983",156,2015
179,179,Jon Curran,83,273.5,"43,209",158,2015
180,180,Zac Blair,108,273.1,"56,528",207,2015
181,181,Billy Hurley III,83,271.9,"40,778",150,2015
182,182,Justin Leonard,61,271.6,"33,131",122,2015
183,183,Ben Crane,62,271.0,"30,893",114,2015
184,184,David Toms,62,270.0,"31,315",116,2015
1,1,Bubba Watson,76,314.3,"40,863",130,2014
2,2,Dustin Johnson,58,311.0,"32,970",106,2014
3,3,Rory McIlroy,66,310.5,"37,261",120,2014
T4,T4,J.B. Holmes,86,308.0,"52,979",172,2014
T4,T4,Andrew Loupe,65,308.0,"37,576",122,2014
6,6,Brooks Koepka,56,307.0,"34,389",112,2014
7,7,Robert Garrigus,80,306.1,"48,974",160,2014
8,8,Jhonattan Vegas,77,304.8,"45,726",150,2014
T9,T9,Charles Howell III,106,304.1,"62,028",204,2014
T9,T9,Gary Woodland,93,304.1,"53,218",175,2014
11,11,Charlie Beljan,76,303.8,"43,741",144,2014
12,12,Ángel Cabrera,69,303.7,"41,915",138,2014
13,13,Adam Scott,68,303.5,"41,275",136,2014
T14,T14,Graham DeLaet,80,303.4,"42,781",141,2014
T14,T14,Jason Kokrak,65,303.4,"39,447",130,2014
16,16,Jamie Lovemark,64,302.4,"36,292",120,2014
17,17,Keegan Bradley,89,302.2,"48,344",160,2014
18,18,Jason Day,54,301.2,"28,914",96,2014
19,19,Jimmy Walker,98,301.0,"52,978",176,2014
20,20,Lucas Glover,68,300.6,"37,276",124,2014
T21,T21,Sean O'Hair,77,300.5,"46,271",154,2014
T21,T21,Louis Oosthuizen,50,300.5,"25,240",84,2014
T23,T23,Ryan Palmer,85,300.4,"48,665",162,2014
T23,T23,Scott Stallings,77,300.4,"43,257",144,2014
25,25,Robert Streb,75,300.0,"42,598",142,2014
T26,T26,Harris English,95,299.2,"52,660",176,2014
T26,T26,Charley Hoffman,93,299.2,"53,254",178,2014
28,28,Brendan Steele,89,298.9,"48,417",162,2014
29,29,Steven Bowditch,93,298.1,"55,447",186,2014
30,30,Charl Schwartzel,64,297.8,"36,930",124,2014
31,31,Shawn Stefani,60,297.7,"35,723",120,2014
32,32,Marc Leishman,81,297.6,"45,239",152,2014
T33,T33,Rickie Fowler,91,297.5,"45,808",154,2014
T33,T33,Kyle Stanley,87,297.5,"47,008",158,2014
T33,T33,Hudson Swafford,75,297.5,"42,248",142,2014
36,36,Willy Wilcox,51,297.3,"29,133",98,2014
37,37,Martin Laird,66,297.2,"34,477",116,2014
38,38,Derek Ernst,80,297.0,"42,770",144,2014
39,39,Troy Matteson,62,296.7,"34,422",116,2014
40,40,Seung-Yul Noh,92,296.5,"54,555",184,2014
T41,T41,Matt Jones,83,296.3,"46,823",158,2014
T41,T41,Davis Love III,74,296.3,"42,664",144,2014
43,43,Kevin Chappell,100,296.2,"54,493",184,2014
44,44,Martin Flores,85,296.0,"47,957",162,2014
T45,T45,Hunter Mahan,88,295.8,"50,294",170,2014
T45,T45,Nick Watney,80,295.8,"39,636",134,2014
47,47,Carl Pettersson,91,295.5,"53,784",182,2014
48,48,Morgan Hoffmann,103,295.4,"58,486",198,2014
49,49,Justin Rose,70,295.1,"37,779",128,2014
50,50,Martin Kaymer,65,294.9,"35,391",120,2014
51,51,Hideki Matsuyama,82,294.8,"44,217",150,2014
52,52,Jim Herman,62,294.7,"34,181",116,2014
T53,T53,Andres Romero,81,294.6,"45,363",154,2014
T53,T53,Josh Teater,90,294.6,"49,496",168,2014
55,55,Kevin Tway,64,294.5,"35,342",120,2014
56,56,Brad Fritsch,50,294.4,"28,267",96,2014
57,57,Sergio Garcia,61,294.3,"29,425",100,2014
58,58,Rory Sabbatini,82,294.2,"43,537",148,2014
59,59,Tommy Gainey,73,294.0,"40,569",138,2014
60,60,Aaron Baddeley,74,293.8,"39,950",136,2014
T61,T61,Stewart Cink,91,293.7,"51,111",174,2014
T61,T61,Russell Henley,92,293.7,"51,688",176,2014
63,63,Bud Cauley,56,293.4,"32,856",112,2014
64,64,Henrik Stenson,56,293.2,"29,322",100,2014
T65,T65,Paul Casey,56,293.0,"30,475",104,2014
T65,T65,Michael Putnam,106,293.0,"59,769",204,2014
T65,T65,Wes Roach,67,293.0,"36,919",126,2014
T68,T68,Geoff Ogilvy,84,292.5,"46,799",160,2014
T68,T68,Camilo Villegas,95,292.5,"53,231",182,2014
70,70,Phil Mickelson,71,292.4,"36,840",126,2014
T71,T71,Patrick Reed,92,292.3,"50,267",172,2014
T71,T71,Lee Westwood,57,292.3,"30,397",104,2014
73,73,Bill Haas,107,291.9,"56,626",194,2014
74,74,Trevor Immelman,84,291.8,"46,685",160,2014
75,75,Ben Martin,80,291.7,"46,668",160,2014
T76,T76,Billy Horschel,92,291.6,"47,828",164,2014
T76,T76,Kevin Stadler,90,291.6,"49,281",169,2014
78,78,Bo Van Pelt,83,291.3,"43,695",150,2014
79,79,Ernie Els,85,291.2,"41,354",142,2014
T80,T80,Ryo Ishikawa,75,291.0,"41,328",142,2014
T80,T80,Chris Kirk,105,291.0,"58,203",200,2014
T82,T82,Ricky Barnes,92,290.7,"51,170",176,2014
T82,T82,J.J. Henry,91,290.7,"50,590",174,2014
T84,T84,Chesson Hadley,84,290.6,"48,814",168,2014
T84,T84,Will MacKenzie,82,290.6,"47,666",164,2014
86,86,John Rollins,84,290.1,"44,101",152,2014
87,87,Tyrone Van Aswegen,79,290.0,"45,234",156,2014
88,88,David Lingmerth,80,289.8,"41,729",144,2014
T89,T89,Vijay Singh,83,289.7,"48,093",166,2014
T89,T89,Jordan Spieth,102,289.7,"54,470",188,2014
91,91,James Hahn,82,289.6,"46,337",160,2014
92,92,Brice Garnett,92,289.3,"50,915",176,2014
93,93,Michael Thompson,74,289.2,"38,172",132,2014
94,94,Brian Harman,111,289.0,"64,149",222,2014
95,95,John Senden,99,288.9,"57,207",198,2014
96,96,Retief Goosen,94,288.8,"49,665",172,2014
97,97,Kevin Streelman,79,288.6,"40,121",139,2014
T98,T98,Sangmoon Bae,76,288.5,"41,549",144,2014
T98,T98,Webb Simpson,87,288.5,"48,462",168,2014
100,100,Boo Weekley,73,288.3,"36,614",127,2014
101,101,Jim Renner,61,288.2,"34,013",118,2014
T102,T102,Jonathan Byrd,76,288.1,"41,481",144,2014
T102,T102,Gonzalo Fernandez-Castaño,83,288.1,"44,938",156,2014
T102,T102,John Peterson,62,288.1,"34,574",120,2014
T102,T102,Ian Poulter,57,288.1,"29,963",104,2014
106,106,Brendon de Jonge,109,287.9,"59,893",208,2014
T107,T107,Chad Campbell,57,287.8,"30,510",106,2014
T107,T107,Kevin Kisner,85,287.8,"48,933",170,2014
109,109,Luke Guthrie,85,287.6,"48,889",170,2014
110,110,Jeff Overton,80,287.5,"41,396",144,2014
111,111,Andrew Svoboda,77,287.4,"44,261",154,2014
112,112,Scott Brown,100,287.2,"55,140",192,2014
113,113,Johnson Wagner,69,287.1,"37,322",130,2014
114,114,Nicholas Thompson,85,287.0,"44,203",154,2014
115,115,Pat Perez,84,286.4,"48,114",168,2014
116,116,Matt Every,85,286.3,"46,373",162,2014
T117,T117,Jonas Blixt,64,286.1,"30,899",108,2014
T117,T117,George McNeill,79,286.1,"45,200",158,2014
119,119,Chris Stroud,88,285.8,"48,020",168,2014
120,120,Russell Knox,92,285.7,"52,566",184,2014
121,121,Brandt Snedeker,89,285.6,"47,126",165,2014
T122,T122,Jason Dufner,57,285.3,"28,526",100,2014
T122,T122,John Merrick,87,285.3,"42,797",150,2014
124,124,Troy Merritt,62,285.2,"35,359",124,2014
T125,T125,Justin Hicks,103,285.1,"56,456",198,2014
T125,T125,Richard Lee,80,285.1,"42,188",148,2014
T127,T127,Robert Allenby,83,284.9,"46,157",162,2014
T127,T127,Bronson La'Cassie,51,284.9,"26,779",94,2014
129,129,Ryan Moore,86,284.7,"43,280",152,2014
130,130,Freddie Jacobson,91,284.6,"51,797",182,2014
131,131,D.A. Points,75,284.5,"36,982",130,2014
T132,T132,James Driscoll,71,284.2,"40,353",142,2014
T132,T132,Danny Lee,84,284.2,"45,471",160,2014
T134,T134,Roberto Castro,76,283.9,"39,746",140,2014
T134,T134,John Huh,87,283.9,"44,849",158,2014
136,136,Matt Kuchar,91,283.8,"49,943",176,2014
137,137,Brian Stuard,91,283.4,"49,310",174,2014
138,138,Erik Compton,88,283.3,"49,864",176,2014
139,139,Cameron Tringale,111,282.9,"60,534",214,2014
140,140,Tim Wilkinson,86,282.4,"46,321",164,2014
T141,T141,Zach Johnson,97,282.2,"54,182",192,2014
T141,T141,Daniel Summerhays,98,282.2,"53,054",188,2014
143,143,Y.E. Yang,79,281.9,"43,973",156,2014
144,144,Briny Baird,50,281.6,"28,159",100,2014
145,145,Scott Langley,95,281.3,"52,320",186,2014
146,146,Charlie Wi,72,281.0,"39,335",140,2014
147,147,Greg Chalmers,85,280.7,"45,469",162,2014
T148,T148,Kevin Na,94,280.3,"52,700",188,2014
T148,T148,Brendon Todd,108,280.3,"60,260",215,2014
150,150,Spencer Levin,59,280.1,"33,051",118,2014
151,151,Jason Bohn,81,280.0,"45,363",162,2014
152,152,K.J. Choi,80,279.8,"42,535",152,2014
153,153,Mark Wilson,69,279.6,"36,346",130,2014
154,154,Ben Curtis,77,279.5,"40,811",146,2014
155,155,Jim Furyk,84,279.3,"44,681",160,2014
156,156,David Hearn,97,279.1,"51,918",186,2014
157,157,Ben Crane,81,279.0,"45,204",162,2014
158,158,Bryce Molder,77,278.7,"38,458",138,2014
159,159,Stuart Appleby,92,278.6,"50,148",180,2014
T160,T160,Woody Austin,63,278.5,"32,861",118,2014
T160,T160,William McGirt,96,278.5,"53,472",192,2014
162,162,"Ted Potter, Jr.",68,278.4,"37,864",136,2014
163,163,Brian Davis,93,278.2,"49,511",178,2014
164,164,Luke Donald,57,278.1,"28,926",104,2014
165,165,Graeme McDowell,66,278.0,"32,253",116,2014
166,166,Heath Slocum,71,277.8,"38,340",138,2014
167,167,Jerry Kelly,80,277.5,"42,183",152,2014
168,168,Billy Hurley III,86,276.7,"47,597",172,2014
169,169,Jeff Maggert,54,276.6,"29,877",108,2014
170,170,D.H. Lee,54,276.2,"27,616",100,2014
171,171,Ken Duke,80,275.5,"40,775",148,2014
172,172,Chad Collins,78,275.4,"40,764",148,2014
173,173,David Toms,64,275.1,"34,110",124,2014
174,174,Tim Clark,75,272.2,"38,655",142,2014
175,175,Brian Gay,81,271.6,"38,570",142,2014
176,176,Mike Weir,69,271.2,"35,252",130,2014
177,177,Justin Leonard,75,270.3,"40,539",150,2014
1,1,Luke List,65,306.3,"37,365",122,2013
2,2,Dustin Johnson,71,305.8,"42,809",140,2013
3,3,Nicolas Colsaerts,50,305.7,"28,736",94,2013
4,4,Gary Woodland,94,303.8,"54,376",179,2013
5,5,Bubba Watson,76,303.7,"44,030",145,2013
6,6,Jason Kokrak,78,303.2,"47,298",156,2013
7,7,Robert Garrigus,69,302.4,"39,315",130,2013
8,8,Rory McIlroy,56,302.2,"33,240",110,2013
9,9,Eric Meierdierks,48,301.9,"27,773",92,2013
10,10,Ryan Palmer,79,301.5,"47,329",157,2013
11,11,Keegan Bradley,88,300.6,"52,302",174,2013
12,12,Martin Flores,83,300.4,"49,874",166,2013
13,13,Steven Bowditch,67,300.2,"39,029",130,2013
14,14,Sean O'Hair,56,299.7,"33,561",112,2013
15,15,Tag Ridings,69,299.6,"38,944",130,2013
16,16,Jason Day,86,299.3,"47,589",159,2013
17,17,Jim Herman,59,299.2,"32,913",110,2013
18,18,Seung-Yul Noh,71,298.8,"40,045",134,2013
19,19,Graham DeLaet,94,298.6,"55,832",187,2013
20,20,Jimmy Walker,84,298.5,"50,147",168,2013
21,21,Scott Piercy,78,298.2,"44,430",149,2013
22,22,Kyle Stanley,71,298.1,"42,332",142,2013
23,23,Adam Scott,61,297.8,"35,733",120,2013
24,24,Robert Streb,75,297.7,"42,270",142,2013
25,25,Shawn Stefani,63,297.2,"37,452",126,2013
26,26,Brad Fritsch,81,297.0,"45,743",154,2013
27,27,Justin Rose,62,296.6,"35,301",119,2013
28,28,Bobby Gates,49,296.2,"26,654",90,2013
29,29,Charl Schwartzel,69,296.1,"40,271",136,2013
30,30,Scott Stallings,79,295.7,"46,720",158,2013
31,31,John Rollins,77,295.6,"43,152",146,2013
T32,T32,Charlie Beljan,62,295.4,"36,630",124,2013
T32,T32,Morgan Hoffmann,64,295.4,"37,807",128,2013
34,34,Peter Hanson,45,295.3,"25,099",85,2013
35,35,Harris English,95,295.2,"56,092",190,2013
36,36,Henrik Norlander,70,295.0,"40,114",136,2013
37,37,Charles Howell III,87,294.8,"50,109",170,2013
T38,T38,Steve LeBrun,66,294.1,"36,471",124,2013
T38,T38,Troy Matteson,68,294.1,"38,818",132,2013
T40,T40,Ángel Cabrera,73,294.0,"42,922",146,2013
T40,T40,Charley Hoffman,84,294.0,"49,394",168,2013
42,42,Billy Horschel,96,293.8,"56,406",192,2013
T43,T43,Lucas Glover,65,293.7,"38,183",130,2013
T43,T43,Josh Teater,86,293.7,"48,173",164,2013
45,45,Cameron Percy,68,293.6,"38,751",132,2013
T46,T46,Martin Laird,68,293.4,"39,903",136,2013
T46,T46,D.J. Trahan,48,293.4,"26,992",92,2013
48,48,James Hahn,78,293.3,"43,407",148,2013
49,49,Tiger Woods,61,293.2,"35,187",120,2013
T50,T50,Andres Romero,63,293.1,"34,588",118,2013
T50,T50,Rory Sabbatini,86,293.1,"48,064",164,2013
52,52,Kevin Chappell,80,292.9,"46,861",160,2013
53,53,Greg Owen,73,292.8,"41,575",142,2013
54,54,Erik Compton,74,292.7,"43,318",148,2013
55,55,Jeff Overton,78,292.4,"45,618",156,2013
56,56,Matt Jones,83,292.3,"48,223",165,2013
57,57,Brandt Jobe,62,292.1,"33,887",116,2013
58,58,Patrick Reed,83,292.0,"48,472",166,2013
59,59,Camilo Villegas,79,291.8,"43,763",150,2013
60,60,Nicholas Thompson,99,291.6,"57,738",198,2013
61,61,Derek Ernst,58,291.5,"33,813",116,2013
62,62,Ryo Ishikawa,72,291.3,"40,206",138,2013
63,63,Nick Watney,88,291.2,"50,093",172,2013
T64,T64,Tommy Gainey,84,291.0,"48,888",168,2013
T64,T64,Sergio Garcia,65,291.0,"36,666",126,2013
T66,T66,Henrik Stenson,65,290.9,"37,239",128,2013
T66,T66,Boo Weekley,100,290.9,"58,180",200,2013
68,68,Brendan Steele,86,290.7,"47,680",164,2013
69,69,Lee Westwood,70,290.3,"39,775",137,2013
70,70,Carl Pettersson,82,290.2,"46,429",160,2013
T71,T71,Pat Perez,69,290.1,"40,037",138,2013
T71,T71,Andrew Svoboda,46,290.1,"25,532",88,2013
T73,T73,Stewart Cink,71,290.0,"41,178",142,2013
T73,T73,Hunter Mahan,91,290.0,"49,004",169,2013
T75,T75,Kevin Stadler,83,289.8,"45,781",158,2013
T75,T75,Vaughn Taylor,50,289.8,"26,663",92,2013
77,77,Ernie Els,63,289.6,"35,916",124,2013
T78,T78,Scott Brown,65,289.5,"37,635",130,2013
T78,T78,Fabián Gómez,65,289.5,"37,637",130,2013
T80,T80,Ricky Barnes,74,289.4,"40,510",140,2013
T80,T80,Jordan Spieth,82,289.4,"47,466",164,2013
82,82,John Senden,79,289.3,"45,127",156,2013
T83,T83,Russell Henley,80,289.0,"45,082",156,2013
T83,T83,Chris Kirk,89,289.0,"51,441",178,2013
85,85,Chad Campbell,78,288.9,"43,914",152,2013
86,86,Aaron Baddeley,68,288.5,"38,086",132,2013
T87,T87,Scott Gardiner,61,288.4,"34,037",118,2013
T87,T87,Martin Kaymer,61,288.4,"33,457",116,2013
89,89,Padraig Harrington,52,288.3,"28,253",98,2013
90,90,Bill Haas,85,288.2,"48,412",168,2013
T91,T91,Matt Every,89,288.1,"51,278",178,2013
T91,T91,Vijay Singh,61,288.1,"35,154",122,2013
93,93,Phil Mickelson,78,287.9,"44,907",156,2013
T94,T94,Bud Cauley,67,287.5,"36,225",126,2013
T94,T94,Brian Harman,89,287.5,"48,873",170,2013
T94,T94,Kevin Streelman,86,287.5,"49,445",172,2013
97,97,Freddie Jacobson,63,287.3,"34,471",120,2013
T98,T98,Robert Karlsson,56,287.2,"29,865",104,2013
T98,T98,Cameron Tringale,80,287.2,"45,950",160,2013
100,100,James Driscoll,76,287.1,"41,348",144,2013
101,101,Y.E. Yang,56,286.7,"31,828",111,2013
102,102,Marc Leishman,77,286.6,"43,846",153,2013
103,103,Rickie Fowler,75,286.4,"42,106",147,2013
T104,T104,Brendon de Jonge,110,286.3,"62,976",220,2013
T104,T104,Tom Gillis,69,286.3,"37,217",130,2013
106,106,George McNeill,68,286.0,"38,893",136,2013
T107,T107,Jason Dufner,78,285.9,"44,026",154,2013
T107,T107,Bo Van Pelt,72,285.9,"39,743",139,2013
109,109,David Lingmerth,68,285.8,"38,875",136,2013
110,110,Daniel Summerhays,83,285.7,"47,421",166,2013
111,111,Webb Simpson,92,285.4,"49,937",175,2013
T112,T112,Sangmoon Bae,83,285.3,"47,365",166,2013
T112,T112,Michael Bradley,56,285.3,"29,670",104,2013
114,114,Geoff Ogilvy,57,285.1,"32,496",114,2013
115,115,Bob Estes,66,285.0,"37,624",132,2013
T116,T116,Robert Allenby,58,284.9,"31,910",112,2013
T116,T116,Will Claxton,67,284.9,"35,893",126,2013
T116,T116,Matt Kuchar,93,284.9,"49,573",174,2013
T119,T119,Stuart Appleby,88,284.7,"47,834",168,2013
T119,T119,J.J. Henry,83,284.7,"45,843",161,2013
121,121,Alistair Presnell,59,284.6,"32,446",114,2013
122,122,John Merrick,79,284.3,"44,918",158,2013
123,123,Jonas Blixt,76,283.7,"42,837",151,2013
T124,T124,Tim Herron,45,283.6,"25,523",90,2013
T124,T124,Trevor Immelman,73,283.6,"39,143",138,2013
T124,T124,Steve Stricker,51,283.6,"26,658",94,2013
127,127,Luke Guthrie,82,283.5,"46,490",164,2013
128,128,Chez Reavie,72,282.8,"40,721",144,2013
129,129,Rod Pampling,46,282.6,"23,736",84,2013
T130,T130,Roberto Castro,97,282.3,"54,478",193,2013
T130,T130,Ryan Moore,72,282.3,"40,093",142,2013
132,132,Charlie Wi,75,282.1,"40,061",142,2013
133,133,John Huh,88,282.0,"48,792",173,2013
T134,T134,William McGirt,75,281.8,"42,266",150,2013
T134,T134,Brian Stuard,78,281.8,"41,704",148,2013
136,136,Ian Poulter,59,281.7,"29,859",106,2013
137,137,Brandt Snedeker,79,281.3,"44,440",158,2013
138,138,D.A. Points,87,281.1,"48,905",174,2013
139,139,Ben Crane,62,281.0,"32,592",116,2013
140,140,D.H. Lee,65,280.9,"36,522",130,2013
141,141,Stephen Ames,49,280.7,"27,511",98,2013
142,142,David Mathis,71,280.6,"37,598",134,2013
143,143,Casey Wittenberg,72,280.5,"39,275",140,2013
144,144,"Ted Potter, Jr.",65,280.3,"34,194",122,2013
145,145,Doug LaBelle II,72,280.1,"39,215",140,2013
146,146,Justin Hicks,79,280.0,"42,003",150,2013
147,147,David Hearn,88,279.7,"49,231",176,2013
148,148,Michael Thompson,66,279.4,"36,878",132,2013
T149,T149,Justin Bolli,59,279.1,"30,706",110,2013
T149,T149,Richard Lee,81,279.1,"42,975",154,2013
151,151,Ben Kohles,75,279.0,"39,615",142,2013
152,152,Scott Langley,79,278.9,"41,834",150,2013
T153,T153,Brian Davis,91,278.8,"50,734",182,2013
T153,T153,Zach Johnson,84,278.8,"46,275",166,2013
155,155,Johnson Wagner,64,278.6,"33,436",120,2013
156,156,K.J. Choi,85,278.3,"46,748",168,2013
157,157,Luke Donald,60,278.1,"32,262",116,2013
158,158,Mark Wilson,56,278.0,"28,911",104,2013
159,159,David Lynn,70,277.9,"38,077",137,2013
160,160,Jeff Maggert,63,277.6,"34,980",126,2013
161,161,Graeme McDowell,53,277.5,"26,916",97,2013
162,162,David Toms,49,277.4,"24,133",87,2013
163,163,Aaron Watkins,46,277.1,"24,388",88,2013
164,164,Chris Stroud,88,277.0,"48,753",176,2013
165,165,Greg Chalmers,77,276.8,"40,414",146,2013
T166,T166,Jason Bohn,70,276.3,"38,680",140,2013
T166,T166,Justin Leonard,86,276.3,"47,520",172,2013
168,168,Lee Williams,62,275.6,"33,068",120,2013
169,169,Jim Furyk,80,275.3,"42,952",156,2013
T170,T170,Ken Duke,87,275.1,"47,871",174,2013
T170,T170,Brian Gay,79,275.1,"43,193",157,2013
T170,T170,Darron Stiles,51,275.1,"26,964",98,2013
173,173,Ben Curtis,59,274.9,"31,333",114,2013
174,174,Dicky Pride,71,274.8,"36,825",134,2013
175,175,Tim Clark,64,273.9,"33,143",121,2013
176,176,Bryce Molder,82,273.8,"43,801",160,2013
T177,T177,Jerry Kelly,75,273.2,"40,984",150,2013
T177,T177,Jin Park,52,273.2,"27,321",100,2013
179,179,Colt Knost,69,271.7,"35,317",130,2013
180,180,Mike Weir,60,270.5,"31,380",116,2013
1,1,Bubba Watson,68,315.5,"41,652",132,2012
2,2,Charlie Beljan,61,311.6,"33,027",106,2012
3,3,Robert Garrigus,89,310.3,"55,241",178,2012
4,4,Dustin Johnson,70,310.2,"40,948",132,2012
5,5,Rory McIlroy,60,310.1,"32,868",106,2012
6,6,J.B. Holmes,90,309.7,"50,785",164,2012
7,7,Jason Day,57,308.6,"33,333",108,2012
8,8,Kyle Stanley,86,306.9,"51,249",167,2012
9,9,John Daly,50,306.7,"28,216",92,2012
T10,T10,Adam Scott,59,304.6,"35,335",116,2012
T10,T10,Jhonattan Vegas,77,304.6,"45,697",150,2012
12,12,Scott Piercy,95,304.5,"57,860",190,2012
13,13,Graham DeLaet,79,304.3,"45,649",150,2012
14,14,Jason Kokrak,79,304.1,"45,616",150,2012
15,15,Ryan Palmer,81,303.1,"48,797",161,2012
16,16,Keegan Bradley,90,302.7,"52,663",174,2012
17,17,Scott Stallings,78,302.4,"46,871",155,2012
18,18,Gary Woodland,70,301.6,"40,413",134,2012
19,19,Seung-Yul Noh,105,300.4,"58,274",194,2012
20,20,Harris English,98,300.3,"58,851",196,2012
21,21,Bobby Gates,87,300.2,"49,837",166,2012
22,22,Ángel Cabrera,54,299.7,"29,375",98,2012
T23,T23,Troy Kelly,68,299.5,"37,140",124,2012
T23,T23,Louis Oosthuizen,65,299.5,"37,141",124,2012
25,25,Brandt Jobe,57,299.2,"31,714",106,2012
26,26,Troy Matteson,100,298.9,"56,196",188,2012
27,27,Josh Teater,97,298.6,"55,543",186,2012
28,28,Martin Laird,77,298.2,"42,945",144,2012
29,29,Lee Westwood,60,298.1,"31,596",106,2012
30,30,Harrison Frazar,56,297.7,"32,147",108,2012
31,31,Sean O'Hair,84,297.5,"49,980",168,2012
32,32,Tiger Woods,69,297.4,"39,856",134,2012
T33,T33,Erik Compton,81,297.2,"43,385",146,2012
T33,T33,Tommy Gainey,98,297.2,"57,955",195,2012
35,35,Carl Pettersson,92,297.1,"54,366",183,2012
T36,T36,Nick Watney,97,296.8,"55,800",188,2012
T36,T36,Boo Weekley,74,296.8,"39,173",132,2012
38,38,Jimmy Walker,101,296.5,"59,902",202,2012
39,39,Davis Love III,64,296.3,"37,929",128,2012
40,40,Bo Van Pelt,84,296.1,"49,152",166,2012
41,41,Greg Owen,90,295.9,"53,268",180,2012
42,42,Charl Schwartzel,56,295.8,"31,652",107,2012
43,43,Mark Anderson,75,295.7,"40,806",138,2012
T44,T44,Daniel Chopra,55,295.6,"30,151",102,2012
T44,T44,Edward Loar,59,295.6,"31,329",106,2012
46,46,Charley Hoffman,88,295.5,"51,712",175,2012
T47,T47,John Rollins,81,295.4,"45,487",154,2012
T47,T47,Vijay Singh,99,295.4,"58,486",198,2012
49,49,Martin Flores,95,295.0,"54,877",186,2012
50,50,Robert Karlsson,54,294.7,"30,353",103,2012
T51,T51,Ernie Els,80,294.6,"45,951",156,2012
T51,T51,Charles Howell III,98,294.6,"57,448",195,2012
53,53,Phil Mickelson,79,294.4,"46,511",158,2012
54,54,Chris Couch,61,293.8,"34,664",118,2012
T55,T55,Matt Jones,53,293.7,"28,779",98,2012
T55,T55,Garth Mulroy,59,293.7,"33,477",114,2012
57,57,Padraig Harrington,67,293.6,"36,995",126,2012
T58,T58,Kevin Chappell,91,293.3,"51,033",174,2012
T58,T58,John Merrick,83,293.3,"46,346",158,2012
60,60,Rickie Fowler,84,293.2,"48,676",166,2012
61,61,Hunter Mahan,88,293.1,"48,073",164,2012
62,62,Kevin Stadler,85,292.9,"45,114",154,2012
63,63,Kevin Streelman,89,292.8,"50,945",174,2012
T64,T64,Jason Dufner,83,292.4,"47,367",162,2012
T64,T64,Sergio Garcia,57,292.4,"32,747",112,2012
T66,T66,Bill Haas,79,292.2,"45,002",154,2012
T66,T66,D.J. Trahan,73,292.2,"40,330",138,2012
T68,T68,Aaron Baddeley,73,292.0,"42,048",144,2012
T68,T68,Ricky Barnes,92,292.0,"51,393",176,2012
T68,T68,Jeff Overton,101,292.0,"56,645",194,2012
T68,T68,Andres Romero,68,292.0,"35,042",120,2012
72,72,Danny Lee,74,291.9,"38,533",132,2012
73,73,Chris Kirk,93,291.8,"51,938",178,2012
74,74,Bud Cauley,99,291.6,"57,161",196,2012
T75,T75,Stephen Gangluff,57,291.5,"29,732",102,2012
T75,T75,Pat Perez,81,291.5,"45,763",157,2012
77,77,Scott Brown,65,291.2,"34,366",118,2012
78,78,James Driscoll,83,291.1,"46,000",158,2012
79,79,John Senden,81,291.0,"45,108",155,2012
T80,T80,Trevor Immelman,76,290.9,"44,218",152,2012
T80,T80,Justin Rose,69,290.9,"39,277",135,2012
82,82,Mathew Goggin,65,290.8,"35,477",122,2012
83,83,Roberto Castro,92,290.6,"49,981",172,2012
84,84,Bill Lunde,83,290.5,"43,582",150,2012
T85,T85,Will Claxton,99,290.4,"55,182",190,2012
T85,T85,Cameron Tringale,88,290.4,"50,815",175,2012
T87,T87,Brian Harman,101,290.3,"58,632",202,2012
T87,T87,Camilo Villegas,79,290.3,"44,701",154,2012
89,89,Billy Horschel,63,290.2,"31,918",110,2012
T90,T90,Chad Campbell,84,290.1,"48,742",168,2012
T90,T90,Geoff Ogilvy,73,290.1,"41,189",142,2012
T92,T92,Ryo Ishikawa,54,290.0,"26,678",92,2012
T92,T92,Kyle Reifers,86,290.0,"47,554",164,2012
94,94,J.J. Killeen,101,289.9,"53,920",186,2012
95,95,Sangmoon Bae,81,289.8,"44,332",153,2012
T96,T96,Jonathan Byrd,69,289.5,"39,371",136,2012
T96,T96,Miguel Angel Carballo,73,289.5,"37,634",130,2012
T96,T96,Henrik Stenson,51,289.5,"27,213",94,2012
T99,T99,Tim Herron,88,289.4,"50,934",176,2012
T99,T99,Marc Leishman,84,289.4,"48,620",168,2012
101,101,Daniel Summerhays,81,289.3,"44,558",154,2012
102,102,Derek Lamely,64,289.1,"35,852",124,2012
103,103,Tom Gillis,75,289.0,"43,355",150,2012
104,104,Roland Thatcher,55,288.9,"28,312",98,2012
T105,T105,Stewart Cink,71,288.8,"38,127",132,2012
T105,T105,Brendon de Jonge,115,288.8,"63,831",221,2012
T105,T105,George McNeill,85,288.8,"46,206",160,2012
T105,T105,Rod Pampling,88,288.8,"46,210",160,2012
T105,T105,Brendan Steele,77,288.8,"42,162",146,2012
110,110,Brandt Snedeker,81,288.7,"45,035",156,2012
111,111,Webb Simpson,77,288.6,"43,872",152,2012
112,112,Blake Adams,107,288.4,"59,410",206,2012
113,113,John Huh,99,288.3,"57,075",198,2012
114,114,Matt Bettencourt,80,288.2,"41,495",144,2012
115,115,J.J. Henry,93,288.1,"48,972",170,2012
116,116,Kevin Kisner,69,287.9,"35,127",122,2012
T117,T117,Hunter Haas,69,287.6,"36,236",126,2012
T117,T117,Ryan Moore,89,287.6,"50,911",177,2012
T119,T119,Freddie Jacobson,61,287.4,"34,493",120,2012
T119,T119,Rory Sabbatini,84,287.4,"48,002",167,2012
121,121,Steve Wheatcroft,56,286.9,"28,687",100,2012
T122,T122,Ben Crane,73,286.8,"41,300",144,2012
T122,T122,Billy Mayfair,90,286.8,"49,326",172,2012
T124,T124,Robert Allenby,76,286.7,"43,294",151,2012
T124,T124,David Hearn,95,286.7,"54,465",190,2012
126,126,Chris Stroud,86,286.6,"49,013",171,2012
127,127,Jonas Blixt,72,286.3,"40,083",140,2012
128,128,Matt Kuchar,86,286.2,"46,936",164,2012
129,129,Vaughn Taylor,81,286.0,"42,904",150,2012
T130,T130,Marco Dawson,60,285.9,"30,874",108,2012
T130,T130,Dicky Pride,62,285.9,"30,880",108,2012
132,132,Russell Knox,72,285.8,"37,729",132,2012
133,133,Sung Kang,75,285.7,"40,576",142,2012
T134,T134,Richard Lee,71,285.6,"37,124",130,2012
T134,T134,Charlie Wi,86,285.6,"48,841",171,2012
T136,T136,Matt Every,80,285.5,"43,400",152,2012
T136,T136,Graeme McDowell,55,285.5,"30,552",107,2012
T138,T138,Tommy Biershenk,74,285.4,"38,819",136,2012
T138,T138,William McGirt,96,285.4,"52,226",183,2012
T138,T138,Steve Stricker,73,285.4,"39,391",138,2012
141,141,Jeff Maggert,83,285.3,"47,360",166,2012
T142,T142,Cameron Beckman,81,285.2,"43,914",154,2012
T142,T142,Bob Estes,78,285.2,"44,487",156,2012
144,144,Arjun Atwal,79,285.1,"41,623",146,2012
145,145,Ian Poulter,57,285.0,"31,345",110,2012
146,146,Y.E. Yang,64,284.9,"35,331",124,2012
147,147,Alexandre Rocha,62,284.6,"31,878",112,2012
T148,T148,Kris Blanks,65,284.5,"36,420",128,2012
T148,T148,Michael Bradley,63,284.5,"33,571",118,2012
T148,T148,"Ted Potter, Jr.",77,284.5,"41,544",146,2012
151,151,Kyle Thompson,51,284.2,"26,714",94,2012
T152,T152,D.A. Points,88,284.0,"49,704",175,2012
T152,T152,Johnson Wagner,88,284.0,"49,700",175,2012
154,154,Nathan Green,73,283.8,"36,898",130,2012
T155,T155,Stephen Ames,54,283.7,"29,501",104,2012
T155,T155,Spencer Levin,81,283.7,"44,821",158,2012
157,157,Brendon Todd,78,283.6,"39,703",140,2012
158,158,Michael Thompson,80,283.4,"45,349",160,2012
159,159,Stuart Appleby,75,283.3,"40,225",142,2012
160,160,Ken Duke,104,282.6,"56,240",199,2012
161,161,Chez Reavie,83,282.5,"46,620",165,2012
162,162,K.J. Choi,71,282.3,"39,527",140,2012
163,163,Greg Chalmers,88,282.0,"48,787",173,2012
164,164,Gary Christian,91,281.9,"47,923",170,2012
165,165,Kevin Na,80,281.5,"44,484",158,2012
T166,T166,Scott Dunlap,57,281.4,"28,698",102,2012
T166,T166,John Mallinger,74,281.4,"39,395",140,2012
168,168,Zach Johnson,95,281.1,"52,845",188,2012
169,169,Rocco Mediate,70,280.7,"35,927",128,2012
170,170,Luke Donald,63,280.1,"34,729",124,2012
171,171,Jim Furyk,85,280.0,"46,477",166,2012
172,172,Justin Leonard,79,279.4,"41,903",150,2012
173,173,Patrick Sheehan,58,279.3,"29,042",104,2012
174,174,Jason Bohn,81,279.2,"41,877",150,2012
175,175,Heath Slocum,93,278.9,"47,412",170,2012
176,176,David Mathis,83,278.1,"42,833",154,2012
177,177,Brian Gay,91,277.7,"48,328",174,2012
178,178,Bryce Molder,83,277.5,"43,838",158,2012
179,179,Brian Davis,91,277.1,"47,940",173,2012
180,180,Tim Clark,60,276.7,"32,645",118,2012
181,181,Ryuji Imada,78,276.4,"42,006",152,2012
182,182,Jerry Kelly,84,276.1,"44,174",160,2012
183,183,Mark Wilson,84,276.0,"43,062",156,2012
184,184,David Toms,60,275.5,"31,956",116,2012
185,185,Billy Hurley III,70,275.3,"36,338",132,2012
186,186,Ben Curtis,62,274.8,"31,880",116,2012
187,187,Tom Pernice Jr.,62,273.9,"31,769",116,2012
188,188,Chris DiMarco,83,273.0,"43,133",158,2012
189,189,Colt Knost,79,272.5,"41,968",154,2012
190,190,Gavin Coles,72,271.2,"35,793",132,2012
191,191,Nick O'Hern,78,268.9,"39,800",148,2012
1,1,J.B. Holmes,57,318.4,"33,751",106,2011
2,2,Bubba Watson,85,314.9,"49,747",158,2011
3,3,Dustin Johnson,72,314.2,"44,616",142,2011
4,4,Robert Garrigus,83,313.4,"52,026",166,2011
5,5,Gary Woodland,93,310.5,"57,745",186,2011
6,6,Steven Bowditch,86,308.3,"50,569",164,2011
7,7,Scott Piercy,78,305.4,"45,204",148,2011
8,8,Jhonattan Vegas,84,304.9,"48,778",160,2011
9,9,Kyle Stanley,98,304.6,"54,825",180,2011
10,10,Will Strickler,51,304.1,"28,584",94,2011
11,11,Scott Stallings,84,303.7,"47,374",156,2011
12,12,Tag Ridings,87,303.3,"49,131",162,2011
13,13,Martin Laird,77,303.0,"46,051",152,2011
14,14,Jason Day,76,302.6,"44,179",146,2011
15,15,Josh Teater,104,302.3,"59,244",196,2011
16,16,Nick Watney,80,301.9,"46,500",154,2011
17,17,Harrison Frazar,58,301.8,"35,006",116,2011
18,18,Jim Herman,69,301.7,"36,806",122,2011
19,19,Ángel Cabrera,50,301.6,"27,747",92,2011
20,20,Keegan Bradley,91,300.7,"52,319",174,2011
21,21,Troy Matteson,91,300.2,"52,230",174,2011
T22,T22,Charley Hoffman,93,299.8,"55,162",184,2011
T22,T22,Phil Mickelson,79,299.8,"46,162",154,2011
24,24,Adam Scott,60,299.7,"35,367",118,2011
T25,T25,Rickie Fowler,84,299.5,"48,520",162,2011
T25,T25,Zack Miller,86,299.5,"49,116",164,2011
T25,T25,Ryan Palmer,82,299.5,"47,915",160,2011
T28,T28,Sergio Garcia,61,299.2,"36,507",122,2011
T28,T28,Robert Karlsson,61,299.2,"35,309",118,2011
30,30,Jimmy Walker,79,298.8,"47,213",158,2011
T31,T31,Alex Prugh,82,298.6,"46,581",156,2011
T31,T31,D.J. Trahan,91,298.6,"54,349",182,2011
T33,T33,James Driscoll,71,298.5,"38,802",130,2011
T33,T33,Brandt Jobe,100,298.5,"57,311",192,2011
T33,T33,Davis Love III,70,298.5,"41,783",140,2011
36,36,Scott Gutschewski,67,298.0,"35,169",118,2011
37,37,Derek Lamely,65,297.9,"37,538",126,2011
T38,T38,Bobby Gates,82,297.4,"44,013",148,2011
T38,T38,Bo Van Pelt,92,297.4,"53,533",180,2011
40,40,Charles Howell III,108,297.3,"61,846",208,2011
T41,T41,John Merrick,71,297.2,"37,450",126,2011
T41,T41,Michael Putnam,67,297.2,"37,445",126,2011
43,43,Charl Schwartzel,58,297.0,"33,269",112,2011
T44,T44,Chris Couch,73,296.8,"43,334",146,2011
T44,T44,Jim Renner,65,296.8,"33,836",114,2011
T46,T46,Tommy Gainey,104,296.7,"59,331",200,2011
T46,T46,John Rollins,85,296.7,"49,251",166,2011
T48,T48,Bill Haas,93,296.6,"54,570",184,2011
T48,T48,Boo Weekley,66,296.6,"36,775",124,2011
50,50,David Duval,67,296.3,"39,698",134,2011
T51,T51,Aaron Baddeley,77,296.2,"44,430",150,2011
T51,T51,Webb Simpson,98,296.2,"58,064",196,2011
53,53,Bio Kim,71,296.1,"38,497",130,2011
54,54,Marc Leishman,87,296.0,"51,496",174,2011
55,55,Kevin Chappell,78,295.8,"42,597",144,2011
56,56,Chris Kirk,87,295.7,"51,446",174,2011
57,57,Joseph Bramlett,73,295.6,"38,434",130,2011
58,58,Jeff Overton,92,295.3,"53,750",182,2011
59,59,Steve Marino,76,295.2,"44,873",152,2011
60,60,George McNeill,69,295.0,"35,991",122,2011
T61,T61,Padraig Harrington,60,294.7,"34,778",118,2011
T61,T61,Andres Romero,77,294.7,"44,200",150,2011
T63,T63,Lucas Glover,74,294.6,"43,595",148,2011
T63,T63,Sean O'Hair,71,294.6,"41,241",140,2011
65,65,Camilo Villegas,69,294.4,"40,041",136,2011
T66,T66,Vijay Singh,79,294.3,"46,492",158,2011
T66,T66,Cameron Tringale,110,294.3,"62,400",212,2011
T68,T68,Sung Kang,63,294.2,"34,712",118,2011
T68,T68,Anthony Kim,72,294.2,"41,774",142,2011
70,70,Matt Jones,71,293.9,"41,730",142,2011
71,71,Chez Reavie,92,293.5,"53,998",184,2011
T72,T72,Ricky Barnes,78,293.3,"45,750",156,2011
T72,T72,John Senden,94,293.3,"55,144",188,2011
74,74,Kevin Stadler,88,293.2,"46,910",160,2011
T75,T75,Andres Gonzales,60,293.1,"30,486",104,2011
T75,T75,Roland Thatcher,67,293.1,"39,272",134,2011
77,77,Brendan Steele,89,292.8,"50,943",174,2011
78,78,Rory Sabbatini,85,292.5,"47,377",162,2011
79,79,Martin Piller,63,292.2,"34,482",118,2011
80,80,Blake Adams,116,292.1,"65,435",224,2011
T81,T81,Stewart Cink,72,291.8,"38,521",132,2011
T81,T81,Tim Herron,85,291.8,"47,269",162,2011
T81,T81,Carl Pettersson,95,291.8,"54,271",186,2011
T84,T84,Jonathan Byrd,83,291.6,"47,827",164,2011
T84,T84,Hunter Mahan,92,291.6,"51,896",178,2011
T84,T84,Scott McCarron,65,291.6,"35,574",122,2011
T84,T84,Joe Ogilvie,75,291.6,"39,076",134,2011
T84,T84,Rod Pampling,72,291.6,"37,331",128,2011
89,89,Bill Lunde,92,291.5,"51,298",176,2011
90,90,Pat Perez,76,291.4,"44,289",152,2011
91,91,Chris Stroud,88,291.2,"48,916",168,2011
T92,T92,Chad Campbell,99,291.1,"56,476",194,2011
T92,T92,J.J. Henry,96,291.1,"53,561",184,2011
T94,T94,Billy Horschel,75,291.0,"40,162",138,2011
T94,T94,Michael Thompson,79,291.0,"42,486",146,2011
T96,T96,David Hearn,88,290.9,"46,551",160,2011
T96,T96,Alexandre Rocha,65,290.9,"33,157",114,2011
98,98,Michael Bradley,74,290.7,"40,703",140,2011
99,99,Justin Rose,79,290.6,"44,759",154,2011
T100,T100,Robert Allenby,84,290.2,"48,165",166,2011
T100,T100,D.J. Brigman,67,290.2,"34,244",118,2011
T100,T100,Y.E. Yang,63,290.2,"34,239",118,2011
T103,T103,Tom Gillis,55,290.1,"31,914",110,2011
T103,T103,Lee Janzen,62,290.1,"32,495",112,2011
T103,T103,Ryan Moore,79,290.1,"43,510",150,2011
106,106,Geoff Ogilvy,69,290.0,"38,286",132,2011
T107,T107,Retief Goosen,50,289.9,"28,415",98,2011
T107,T107,William McGirt,103,289.9,"57,398",198,2011
T109,T109,Ben Martin,74,289.5,"40,528",140,2011
T109,T109,Graeme McDowell,50,289.5,"27,213",94,2011
111,111,Kevin Streelman,90,289.2,"52,050",180,2011
112,112,Briny Baird,60,289.1,"31,223",108,2011
113,113,Steve Stricker,70,288.8,"39,859",138,2011
T114,T114,Hunter Haas,96,288.5,"53,082",184,2011
T114,T114,Trevor Immelman,84,288.5,"48,465",168,2011
116,116,Fabián Gómez,84,288.4,"43,832",152,2011
117,117,Matt Bettencourt,84,288.3,"48,437",168,2011
118,118,Ernie Els,71,288.1,"39,753",138,2011
119,119,Brendon de Jonge,105,287.8,"58,132",202,2011
120,120,Woody Austin,59,287.6,"30,487",106,2011
121,121,Stuart Appleby,65,287.5,"37,374",130,2011
T122,T122,Freddie Jacobson,92,287.4,"48,282",168,2011
T122,T122,D.A. Points,89,287.4,"51,162",178,2011
124,124,Brandt Snedeker,85,287.2,"48,816",170,2011
T125,T125,Jason Dufner,78,286.8,"44,745",156,2011
T125,T125,Troy Merritt,63,286.8,"34,986",122,2011
127,127,Spencer Levin,113,286.3,"62,416",218,2011
128,128,Matt Kuchar,94,286.2,"50,366",176,2011
T129,T129,Rich Beem,53,286.1,"30,325",106,2011
T129,T129,Jarrod Lyle,83,286.1,"45,201",158,2011
T129,T129,Shaun Micheel,77,286.1,"41,773",146,2011
132,132,Justin Hicks,60,286.0,"29,742",104,2011
133,133,Charlie Wi,83,285.8,"47,443",166,2011
134,134,K.J. Choi,77,285.6,"42,834",150,2011
T135,T135,Steve Elkington,50,285.4,"28,543",100,2011
T135,T135,Matt McQuillan,59,285.4,"31,399",110,2011
T137,T137,Nathan Green,81,285.0,"43,891",154,2011
T137,T137,Kent Jones,76,285.0,"40,474",142,2011
T139,T139,Kris Blanks,92,284.9,"51,276",180,2011
T139,T139,Jason Bohn,74,284.9,"39,879",140,2011
T139,T139,Ben Crane,76,284.9,"41,599",146,2011
T139,T139,Daniel Summerhays,75,284.9,"41,596",146,2011
T143,T143,Arjun Atwal,91,284.8,"51,842",182,2011
T143,T143,Mark Wilson,89,284.8,"49,548",174,2011
T145,T145,Cameron Beckman,71,284.3,"38,102",134,2011
T145,T145,Kevin Kisner,70,284.3,"36,394",128,2011
T147,T147,Luke Donald,73,284.1,"38,064",134,2011
T147,T147,Vaughn Taylor,89,284.1,"50,571",178,2011
149,149,Paul Stankowski,78,283.9,"40,875",144,2011
150,150,Stephen Ames,69,283.8,"36,890",130,2011
151,151,Joe Durant,71,283.6,"39,143",138,2011
152,152,Ryuji Imada,83,283.4,"47,048",166,2011
T153,T153,Brian Davis,105,283.3,"59,483",210,2011
T153,T153,Billy Mayfair,94,283.3,"50,999",180,2011
T155,T155,Ian Poulter,52,282.8,"28,850",102,2011
T155,T155,Marc Turnesa,54,282.8,"29,406",104,2011
157,157,J.P. Hayes,56,282.7,"30,529",108,2011
158,158,Aron Price,58,282.6,"29,388",104,2011
159,159,Steve Flesch,88,282.5,"47,462",168,2011
160,160,Johnson Wagner,81,282.2,"43,455",154,2011
T161,T161,David Mathis,83,282.0,"43,422",154,2011
T161,T161,Bryce Molder,82,282.0,"45,119",160,2011
163,163,Heath Slocum,89,281.9,"49,612",176,2011
164,164,Jim Furyk,87,281.4,"48,401",172,2011
165,165,Nate Smith,66,281.2,"33,743",120,2011
166,166,Tim Petrovic,88,280.5,"47,118",168,2011
167,167,Alex Cejka,59,280.3,"33,076",118,2011
T168,T168,Shane Bertsch,62,280.1,"31,370",112,2011
T168,T168,Justin Leonard,82,280.1,"45,944",164,2011
170,170,Kevin Na,84,279.8,"47,009",168,2011
171,171,Garrett Willis,71,279.7,"38,598",138,2011
172,172,Greg Chalmers,88,279.6,"48,090",172,2011
173,173,Michael Connell,76,279.5,"42,484",152,2011
174,174,Chris Riley,76,279.3,"40,221",144,2011
175,175,David Toms,78,279.1,"41,302",148,2011
176,176,Colt Knost,80,279.0,"41,291",148,2011
177,177,Zach Johnson,79,278.2,"43,396",156,2011
178,178,Chris DiMarco,93,277.9,"49,475",178,2011
179,179,Dean Wilson,62,276.8,"34,319",124,2011
180,180,Ben Curtis,66,276.7,"36,522",132,2011
181,181,Richard Johnson,64,276.6,"32,087",116,2011
182,182,Nick O'Hern,89,276.3,"46,965",170,2011
183,183,Jerry Kelly,85,275.6,"44,091",160,2011
184,184,Rocco Mediate,53,275.5,"29,208",106,2011
185,185,Paul Goydos,81,274.8,"44,523",162,2011
186,186,Brian Gay,90,269.8,"46,410",172,2011
1,1,Robert Garrigus,71,315.5,"41,009",130,2010
2,2,Bubba Watson,77,309.8,"47,703",154,2010
3,3,Dustin Johnson,83,308.5,"50,588",164,2010
4,4,Brett Wetterich,54,307.3,"33,187",108,2010
5,5,J.B. Holmes,100,307.2,"61,437",200,2010
T6,T6,John Daly,63,305.7,"33,623",110,2010
T6,T6,Graham DeLaet,88,305.7,"50,142",164,2010
8,8,Ángel Cabrera,64,304.5,"38,362",126,2010
9,9,Charles Warren,64,302.5,"35,089",116,2010
10,10,D.J. Trahan,92,301.1,"55,411",184,2010
11,11,Martin Flores,75,300.7,"42,705",142,2010
12,12,Rory McIlroy,54,300.0,"31,201",104,2010
13,13,Phil Mickelson,76,299.1,"45,459",152,2010
14,14,Aaron Baddeley,94,298.9,"56,202",188,2010
T15,T15,Jason Day,82,298.2,"48,901",164,2010
T15,T15,Charley Hoffman,85,298.2,"49,509",166,2010
17,17,Davis Love III,79,297.7,"47,042",158,2010
18,18,Jeff Overton,89,297.3,"50,543",170,2010
19,19,Scott Piercy,88,296.8,"52,242",176,2010
T20,T20,Martin Laird,91,296.5,"53,669",181,2010
T20,T20,Nick Watney,91,296.5,"51,883",175,2010
22,22,Troy Matteson,84,296.3,"49,774",168,2010
23,23,Jarrod Lyle,54,296.2,"27,253",92,2010
24,24,Andres Romero,73,296.0,"43,223",146,2010
25,25,Daniel Chopra,74,295.9,"43,800",148,2010
26,26,Ryan Palmer,84,295.8,"49,702",168,2010
T27,T27,Lucas Glover,75,295.7,"43,764",148,2010
T27,T27,Alex Prugh,88,295.7,"50,856",172,2010
29,29,Garth Mulroy,53,295.6,"28,967",98,2010
30,30,John Rollins,81,295.5,"47,863",162,2010
31,31,Marc Leishman,87,295.0,"51,331",174,2010
32,32,Cameron Tringale,55,294.5,"28,864",98,2010
33,33,Adam Scott,70,294.4,"40,045",136,2010
34,34,Charles Howell III,103,294.3,"58,274",198,2010
35,35,Paul Casey,64,294.2,"34,125",116,2010
T36,T36,Matt Bettencourt,91,294.0,"48,798",166,2010
T36,T36,Derek Lamely,81,294.0,"44,101",150,2010
T36,T36,Cameron Percy,73,294.0,"39,980",136,2010
39,39,James Driscoll,78,293.9,"45,843",156,2010
40,40,Mathias Grönberg,61,293.7,"32,311",110,2010
41,41,George McNeill,79,293.4,"46,352",158,2010
T42,T42,Bill Haas,87,293.3,"51,026",174,2010
T42,T42,Matt Jones,89,293.3,"52,199",178,2010
44,44,Josh Teater,101,293.1,"58,031",198,2010
45,45,Jimmy Walker,82,292.9,"45,686",156,2010
46,46,J.J. Henry,92,292.8,"49,190",168,2010
T47,T47,Rickie Fowler,98,292.7,"57,363",196,2010
T47,T47,Sergio Garcia,58,292.7,"30,438",104,2010
T49,T49,Stewart Cink,84,292.4,"46,786",160,2010
T49,T49,Chris Couch,66,292.4,"38,592",132,2010
51,51,Vijay Singh,75,292.3,"43,267",148,2010
52,52,Padraig Harrington,57,292.1,"32,715",112,2010
T53,T53,Roger Tambellini,77,292.0,"40,293",138,2010
T53,T53,Bo Van Pelt,104,292.0,"60,731",208,2010
T55,T55,David Lutterus,69,291.9,"36,781",126,2010
T55,T55,Boo Weekley,88,291.9,"46,700",160,2010
57,57,Hunter Mahan,85,291.8,"49,029",168,2010
T58,T58,Tim Herron,79,291.7,"42,591",146,2010
T58,T58,Chris Wilson,65,291.7,"34,421",118,2010
T60,T60,Retief Goosen,75,291.4,"41,383",142,2010
T60,T60,John Merrick,109,291.4,"58,862",202,2010
T60,T60,Greg Owen,69,291.4,"40,218",138,2010
63,63,Blake Adams,84,291.3,"47,781",164,2010
T64,T64,Jonathan Byrd,85,290.9,"49,461",170,2010
T64,T64,Matt Every,60,290.9,"33,750",116,2010
T66,T66,Will MacKenzie,72,290.8,"41,868",144,2010
T66,T66,Ted Purdy,86,290.8,"47,685",164,2010
T68,T68,Steve Marino,81,290.6,"47,079",162,2010
T68,T68,Kenny Perry,69,290.6,"39,522",136,2010
T70,T70,Paul Stankowski,62,290.3,"31,354",108,2010
T70,T70,Kevin Streelman,90,290.3,"49,933",172,2010
T72,T72,John Senden,103,290.2,"59,781",206,2010
T72,T72,Kevin Stadler,86,290.2,"45,264",156,2010
74,74,Andrew McLardy,52,289.9,"27,835",96,2010
T75,T75,Michael Letzig,84,289.7,"48,665",168,2010
T75,T75,Ryan Moore,80,289.7,"45,476",157,2010
77,77,Camilo Villegas,78,289.6,"41,703",144,2010
T78,T78,Mathew Goggin,85,289.3,"49,181",170,2010
T78,T78,Sean O'Hair,84,289.3,"47,162",163,2010
T80,T80,Steve Elkington,74,289.2,"39,333",136,2010
T80,T80,Nicholas Thompson,88,289.2,"48,593",168,2010
T82,T82,Robert Allenby,76,289.1,"42,505",147,2010
T82,T82,Rory Sabbatini,79,289.1,"43,946",152,2010
84,84,Stuart Appleby,101,289.0,"57,221",198,2010
85,85,Bill Lunde,79,288.9,"43,329",150,2010
T86,T86,Tom Gillis,97,288.7,"56,016",194,2010
T86,T86,Jeff Gove,57,288.7,"29,449",102,2010
T88,T88,Scott McCarron,90,288.6,"51,943",180,2010
T88,T88,Y.E. Yang,72,288.6,"40,409",140,2010
T90,T90,Ernie Els,72,288.4,"40,374",140,2010
T90,T90,Brenden Pappas,66,288.4,"35,766",124,2010
92,92,Troy Merritt,86,288.2,"48,417",168,2010
T93,T93,Henrik Bjornstad,72,288.1,"38,024",132,2010
T93,T93,Chris Tidland,77,288.1,"42,060",146,2010
95,95,Roland Thatcher,72,288.0,"41,467",144,2010
96,96,Kevin Sutherland,86,287.9,"49,523",172,2010
97,97,Justin Rose,78,287.8,"44,894",156,2010
98,98,Lee Janzen,77,287.7,"44,302",154,2010
99,99,Rich Barcelo,70,287.6,"36,812",128,2010
100,100,Jeev Milkha Singh,59,287.3,"29,882",104,2010
101,101,Chris Stroud,90,287.2,"47,103",164,2010
T102,T102,Pat Perez,90,287.1,"51,681",180,2010
T102,T102,Steve Wheatcroft,74,287.1,"37,893",132,2010
104,104,Geoff Ogilvy,62,287.0,"34,437",120,2010
T105,T105,Brendon de Jonge,114,286.9,"60,816",212,2010
T105,T105,David Duval,71,286.9,"39,309",137,2010
T105,T105,Matt Kuchar,97,286.9,"54,505",190,2010
T105,T105,Brian Stuard,81,286.9,"43,037",150,2010
109,109,Ian Poulter,55,286.8,"28,104",98,2010
T110,T110,Kris Blanks,91,286.4,"47,543",166,2010
T110,T110,Trevor Immelman,55,286.4,"31,214",109,2010
T112,T112,Steve Lowery,67,286.2,"36,066",126,2010
T112,T112,James Nitties,92,286.2,"49,231",172,2010
114,114,Joe Ogilvie,99,285.9,"53,172",186,2010
115,115,Cameron Beckman,68,285.7,"36,570",128,2010
116,116,Joe Durant,67,285.6,"34,847",122,2010
117,117,Ricky Barnes,103,285.5,"58,818",206,2010
118,118,Webb Simpson,98,285.4,"55,944",196,2010
T119,T119,Chad Campbell,94,285.1,"53,030",186,2010
T119,T119,Jay Williamson,76,285.1,"38,772",136,2010
121,121,Aron Price,70,284.6,"36,433",128,2010
122,122,Vaughn Taylor,87,284.4,"49,484",174,2010
123,123,Vance Veazey,58,284.3,"29,568",104,2010
124,124,Billy Mayfair,78,284.0,"39,753",140,2010
125,125,Bob Estes,79,283.9,"44,858",158,2010
126,126,Rod Pampling,77,283.5,"43,656",154,2010
127,127,Michael Sim,64,283.3,"35,698",126,2010
T128,T128,Cliff Kresge,50,283.2,"26,053",92,2010
T128,T128,Shaun Micheel,70,283.2,"35,118",124,2010
T128,T128,Brett Quigley,96,283.2,"53,808",190,2010
T131,T131,K.J. Choi,82,283.1,"44,169",156,2010
T131,T131,Freddie Jacobson,83,283.1,"46,987",166,2010
133,133,D.A. Points,90,283.0,"50,947",180,2010
134,134,Steve Stricker,73,282.9,"40,735",144,2010
135,135,Johnson Wagner,85,282.4,"45,743",162,2010
136,136,Ben Crane,85,282.3,"46,304",164,2010
137,137,Carl Pettersson,99,282.1,"51,340",182,2010
T138,T138,Stephen Ames,75,282.0,"41,737",148,2010
T138,T138,Briny Baird,87,282.0,"46,805",166,2010
140,140,Jason Dufner,87,281.9,"49,051",174,2010
141,141,Justin Bolli,55,281.8,"27,618",98,2010
142,142,Dean Wilson,54,281.6,"27,032",96,2010
143,143,Michael Bradley,77,281.5,"41,099",146,2010
T144,T144,Michael Connell,89,281.3,"45,569",162,2010
T144,T144,David Toms,86,281.3,"47,819",170,2010
146,146,Charlie Wi,95,281.2,"53,425",190,2010
147,147,Woody Austin,93,281.1,"50,039",178,2010
T148,T148,Mark Calcavecchia,50,281.0,"23,606",84,2010
T148,T148,J.P. Hayes,79,281.0,"42,150",150,2010
T150,T150,Spencer Levin,110,280.6,"57,242",204,2010
T150,T150,Mark Wilson,87,280.6,"46,583",166,2010
152,152,John Mallinger,78,280.4,"42,627",152,2010
153,153,Garrett Willis,82,280.2,"43,714",156,2010
154,154,Tom Pernice Jr.,74,280.0,"36,954",132,2010
155,155,Jason Bohn,84,279.8,"47,008",168,2010
156,156,Zach Johnson,93,279.7,"50,904",182,2010
T157,T157,Nathan Green,86,279.5,"48,073",172,2010
T157,T157,Skip Kendall,58,279.5,"27,950",100,2010
159,159,Jeff Maggert,76,279.1,"37,963",136,2010
T160,T160,Chris DiMarco,88,279.0,"46,870",168,2010
T160,T160,Jerry Kelly,99,279.0,"53,001",190,2010
T160,T160,Jerod Turner,54,279.0,"25,666",92,2010
T163,T163,Brian Davis,101,278.9,"56,341",202,2010
T163,T163,Heath Slocum,97,278.9,"51,877",186,2010
T165,T165,Ryuji Imada,90,278.7,"50,173",180,2010
T165,T165,Tim Petrovic,105,278.7,"58,536",210,2010
T167,T167,Kevin Na,94,278.6,"51,816",186,2010
T167,T167,Scott Verplank,74,278.6,"40,669",146,2010
169,169,Chris Riley,73,278.3,"37,293",134,2010
170,170,Rocco Mediate,71,278.1,"38,372",138,2010
171,171,Bryce Molder,84,278.0,"44,482",160,2010
172,172,Justin Leonard,89,277.8,"48,892",176,2010
T173,T173,Alex Cejka,81,277.4,"43,834",158,2010
T173,T173,Steve Flesch,78,277.4,"41,051",148,2010
175,175,Richard Johnson,90,277.3,"45,474",164,2010
176,176,Brandt Snedeker,89,277.1,"49,315",178,2010
177,177,Luke Donald,71,277.0,"37,676",136,2010
178,178,Kevin Johnson,62,276.5,"30,971",112,2010
179,179,Jim Furyk,76,276.0,"40,853",148,2010
180,180,Chad Collins,87,275.8,"43,575",158,2010
181,181,Brent Delahoussaye,57,275.6,"28,107",102,2010
T182,T182,Greg Chalmers,93,275.5,"51,242",186,2010
T182,T182,Ben Curtis,78,275.5,"42,985",156,2010
184,184,Mike Weir,59,273.9,"31,230",114,2010
185,185,Paul Goydos,78,273.6,"42,682",156,2010
186,186,Jeff Quinney,91,273.3,"47,553",174,2010
187,187,Greg Kraft,52,273.2,"25,130",92,2010
188,188,Tim Clark,88,272.2,"46,282",170,2010
189,189,Omar Uresti,74,272.0,"36,987",136,2010
190,190,Brad Faxon,58,271.4,"29,306",108,2010
191,191,Craig Bowden,56,270.0,"27,545",102,2010
192,192,Brian Gay,101,266.4,"52,220",196,2010
