Player Name,Rounds,Average SG Total,TOTAL SG:T,TOTAL SG:T2G,TOTAL SG:P,MEASURED ROUNDS,Year
Dustin Johnson,77,2.372,147.040,123.179,23.861,62,2018
Justin Rose,70,1.952,103.435,80.953,22.479,53,2018
Justin Thomas,91,1.835,124.788,106.261,18.528,68,2018
Tommy Fleetwood,73,1.606,86.720,69.210,17.509,54,2018
Tiger Woods,68,1.596,94.154,78.448,15.703,59,2018
Bryson DeChambeau,93,1.558,121.526,94.543,26.982,78,2018
Tony Finau,105,1.435,116.248,97.473,18.774,81,2018
Webb Simpson,95,1.432,116.022,60.005,56.017,81,2018
Rory McIlroy,64,1.412,71.989,68.917,3.073,51,2018
Jason Day,75,1.285,62.966,25.245,37.720,49,2018
Rickie Fowler,74,1.275,77.798,59.767,18.028,61,2018
Brooks Koepka,64,1.220,65.874,56.815,9.057,54,2018
Hideki Matsuyama,75,1.196,68.157,60.649,7.507,57,2018
Henrik Stenson,60,1.153,50.738,59.828,-9.091,44,2018
Emiliano Grillo,94,1.133,82.692,42.850,39.840,73,2018
Francesco Molinari,73,1.123,64.014,91.756,-27.740,57,2018
Rafa Cabrera Bello,75,1.112,53.370,40.270,13.101,48,2018
Billy Horschel,86,1.112,85.643,55.474,30.164,77,2018
Patrick Cantlay,87,1.096,73.418,85.596,-12.177,67,2018
Gary Woodland,96,1.066,74.632,74.147,.482,70,2018
Alex Noren,67,1.044,51.168,14.013,37.154,49,2018
Zach Johnson,94,1.035,74.544,59.710,14.835,72,2018
Paul Casey,74,.966,47.336,40.801,6.537,49,2018
Patrick Reed,94,.947,59.645,49.325,10.316,63,2018
Ryan Moore,78,.941,62.090,79.953,-17.863,66,2018
Tyrrell Hatton,58,.938,39.390,25.315,14.077,42,2018
Phil Mickelson,90,.931,65.141,29.429,35.710,70,2018
Jon Rahm,71,.889,45.323,53.008,-7.685,51,2018
Luke List,98,.870,67.879,104.322,-36.445,78,2018
Chesson Hadley,103,.859,76.441,57.882,18.554,89,2018
Ian Poulter,73,.850,42.507,31.362,11.143,50,2018
Jordan Spieth,81,.830,54.751,56.977,-2.224,66,2018
Daniel Berger,81,.816,50.605,30.826,19.780,62,2018
Branden Grace,67,.812,35.747,20.359,15.389,44,2018
Byeong Hun An,86,.805,58.790,79.607,-20.820,73,2018
Charles Howell III,104,.801,62.475,45.384,17.091,78,2018
Kevin Na,91,.801,56.037,18.733,37.303,70,2018
Keegan Bradley,98,.793,63.411,92.047,-28.639,80,2018
Adam Scott,78,.779,46.738,63.829,-17.091,60,2018
Chris Kirk,108,.732,70.287,63.288,6.996,96,2018
Johnson Wagner,75,.715,39.339,5.049,34.291,55,2018
Aaron Wise,90,.703,56.223,37.152,19.071,80,2018
Graeme McDowell,67,.697,32.061,10.093,21.967,46,2018
Kyle Stanley,93,.686,45.987,43.483,2.504,67,2018
Chez Reavie,93,.674,40.453,28.956,11.495,60,2018
Xander Schauffele,96,.644,46.352,32.276,14.078,72,2018
Brandt Snedeker,84,.625,46.285,10.905,35.378,74,2018
Marc Leishman,93,.624,45.569,36.334,9.234,73,2018
Kevin Streelman,94,.619,50.729,71.201,-20.472,82,2018
Adam Hadwin,92,.596,39.353,32.337,7.013,66,2018
Beau Hossler,104,.584,52.529,-9.092,61.617,90,2018
Matt Kuchar,88,.576,37.442,14.848,22.592,65,2018
Austin Cook,107,.569,52.338,23.377,28.962,92,2018
Brian Gay,103,.565,52.021,11.355,40.668,92,2018
Bubba Watson,90,.555,37.729,37.666,.062,68,2018
J.B. Holmes,77,.549,37.302,51.408,-14.109,68,2018
Russell Henley,77,.541,31.381,21.679,9.703,58,2018
Jason Kokrak,99,.539,47.388,45.455,1.930,88,2018
Louis Oosthuizen,62,.521,23.973,25.186,-1.213,46,2018
Kiradech Aphibarnrat,51,.511,17.365,12.665,4.699,34,2018
Bronson Burgoon,69,.481,27.400,21.278,6.123,57,2018
C.T. Pan,104,.478,39.162,44.628,-5.470,82,2018
Andrew Putnam,97,.472,36.369,32.359,4.008,77,2018
Martin Laird,73,.470,28.680,11.499,17.178,61,2018
Stewart Cink,87,.465,31.177,54.292,-23.115,67,2018
Bud Cauley,55,.461,18.901,3.845,15.055,41,2018
Charley Hoffman,87,.425,28.870,27.080,1.788,68,2018
Jim Furyk,50,.412,18.946,1.042,17.903,46,2018
Joel Dahmen,93,.400,28.422,48.093,-19.670,71,2018
Jamie Lovemark,92,.388,30.261,29.446,.810,78,2018
Russell Knox,94,.383,28.318,34.857,-6.538,74,2018
Rory Sabbatini,91,.358,26.877,22.425,4.449,75,2018
Jimmy Walker,81,.357,23.548,2.175,21.369,66,2018
Nick Watney,94,.343,27.477,11.474,15.999,80,2018
Ryan Armour,109,.337,32.370,37.915,-5.545,96,2018
Kevin Tway,110,.329,29.634,24.908,4.721,90,2018
Zac Blair,64,.323,14.862,5.517,9.346,46,2018
Kevin Chappell,77,.323,20.042,41.395,-21.350,62,2018
Abraham Ancer,98,.320,26.573,31.219,-4.648,83,2018
Alex Cejka,77,.312,18.703,18.143,.556,60,2018
Nate Lashley,51,.310,10.836,7.982,2.853,35,2018
Aaron Baddeley,84,.309,21.661,25.633,-3.973,70,2018
J.J. Spaun,85,.292,20.762,31.344,-10.580,71,2018
Brian Harman,94,.290,20.894,1.214,19.683,72,2018
Scott Piercy,84,.290,19.719,58.406,-38.686,68,2018
Cameron Percy,56,.285,11.703,20.092,-8.386,41,2018
James Hahn,85,.279,19.221,29.737,-10.517,69,2018
Lucas Glover,65,.276,12.697,21.266,-8.573,46,2018
Brandon Harkins,101,.275,23.400,4.254,19.146,85,2018
Scott Stallings,96,.270,21.629,27.246,-5.617,80,2018
Peter Uihlein,83,.268,17.434,16.080,1.352,65,2018
Ollie Schniederjans,91,.254,19.567,-5.478,25.042,77,2018
John Huh,94,.251,20.556,6.825,13.730,82,2018
Peter Malnati,87,.244,18.337,-28.073,46.409,75,2018
Shane Lowry,64,.238,12.126,26.705,-14.581,51,2018
Patrick Rodgers,97,.232,16.969,-23.964,40.931,73,2018
Sam Saunders,80,.226,15.123,8.820,6.304,67,2018
Cameron Smith,85,.219,13.353,6.363,6.990,61,2018
Vaughn Taylor,83,.219,15.344,20.928,-5.579,70,2018
Hunter Mahan,67,.209,10.648,-6.992,17.640,51,2018
Troy Merritt,89,.209,15.233,9.638,5.594,73,2018
Corey Conners,97,.193,15.285,45.712,-30.425,79,2018
William McGirt,84,.178,13.365,-1.606,14.969,75,2018
Seamus Power,86,.178,11.778,-21.073,32.851,66,2018
Ben Crane,65,.176,8.088,-7.199,15.285,46,2018
Sam Ryder,82,.154,10.793,35.231,-24.435,70,2018
J.T. Poston,73,.138,7.888,.176,7.711,57,2018
Harold Varner III,91,.125,9.273,11.039,-1.769,74,2018
Shawn Stefani,76,.107,6.420,8.464,-2.045,60,2018
Matt Jones,70,.104,4.910,6.527,-1.615,47,2018
Anirban Lahiri,82,.104,6.977,-6.347,13.321,67,2018
Denny McCarthy,71,.094,4.625,-17.392,22.017,49,2018
Bill Haas,76,.079,5.225,9.145,-3.922,66,2018
Tom Hoge,101,.074,6.112,19.540,-13.429,83,2018
Brian Stuard,103,.062,5.481,-8.920,14.398,88,2018
Danny Lee,88,.058,4.032,-6.898,10.927,70,2018
Michael Thompson,62,.052,2.913,-24.976,27.889,56,2018
Brett Stegmaier,67,.048,2.254,-16.580,18.835,47,2018
Kevin Kisner,89,.037,2.409,-30.953,33.364,65,2018
Jhonattan Vegas,92,.030,1.945,5.723,-3.778,64,2018
Brendan Steele,74,.029,1.541,32.638,-31.096,54,2018
Tyler Duncan,97,.017,1.339,47.204,-45.865,81,2018
Jason Dufner,71,.011,.551,3.554,-3.002,52,2018
Ben Martin,64,-.001,-.064,-6.786,6.721,57,2018
David Lingmerth,82,-.007,-.453,-16.227,15.774,69,2018
Mackenzie Hughes,80,-.014,-.959,11.052,-12.010,68,2018
Keith Mitchell,99,-.018,-1.471,40.372,-41.840,83,2018
David Hearn,66,-.031,-1.565,4.765,-6.328,50,2018
Ryan Blaum,81,-.033,-2.362,-4.152,1.790,72,2018
Patton Kizzire,92,-.033,-2.605,-4.925,2.321,78,2018
Andrew Landry,82,-.039,-2.853,-2.102,-.751,73,2018
Blayne Barber,69,-.041,-2.456,-1.129,-1.323,60,2018
Pat Perez,82,-.048,-2.456,-8.327,5.873,51,2018
Dominic Bozzelli,65,-.055,-3.330,-22.129,18.799,61,2018
Trey Mullinax,75,-.072,-4.231,-8.472,4.242,59,2018
Stephan Jaeger,81,-.090,-5.689,3.401,-9.089,63,2018
Si Woo Kim,108,-.092,-7.170,5.967,-13.138,78,2018
"Ted Potter, Jr.",87,-.094,-7.272,-13.009,5.735,77,2018
Fabián Gómez,88,-.106,-7.516,-7.578,.061,71,2018
Richy Werenski,98,-.124,-9.145,-1.058,-8.086,74,2018
Adam Schenk,86,-.150,-9.916,-18.481,8.564,66,2018
Talor Gooch,78,-.163,-10.131,-12.033,1.902,62,2018
Harris English,84,-.184,-12.521,-27.587,15.063,68,2018
Tom Lovelady,87,-.190,-13.077,-9.667,-3.410,69,2018
J.J. Henry,81,-.193,-12.144,23.717,-35.859,63,2018
Charl Schwartzel,65,-.195,-8.208,-11.587,3.381,42,2018
Ben Silverman,90,-.206,-15.636,-33.723,18.084,76,2018
Robert Garrigus,80,-.213,-14.489,24.181,-38.672,68,2018
Ryan Palmer,69,-.231,-13.834,17.828,-31.665,60,2018
Sean O'Hair,67,-.233,-13.300,-1.499,-11.801,57,2018
Nick Taylor,94,-.235,-17.377,5.693,-23.071,74,2018
Jonathan Byrd,70,-.266,-12.774,-7.686,-5.087,48,2018
Lanto Griffin,80,-.268,-16.088,-10.354,-5.733,60,2018
Brice Garnett,99,-.310,-25.098,-18.930,-6.169,81,2018
Conrad Shindler,60,-.313,-13.775,-6.448,-7.324,44,2018
Kelly Kraft,94,-.320,-23.703,-29.239,5.534,74,2018
Nicholas Lindheim,77,-.323,-19.055,-39.984,20.929,59,2018
Tyrone Van Aswegen,101,-.323,-26.813,-25.992,-.821,83,2018
Grayson Murray,72,-.336,-19.836,.834,-20.673,59,2018
Chris Stroud,81,-.338,-19.608,-22.706,3.098,58,2018
Steve Wheatcroft,60,-.339,-15.603,-9.713,-5.886,46,2018
Ricky Barnes,65,-.365,-16.438,-31.639,15.200,45,2018
Whee Kim,93,-.437,-31.865,-63.050,31.181,73,2018
Wesley Bryan,69,-.454,-23.160,-41.512,18.354,51,2018
Chad Campbell,87,-.484,-32.399,-1.959,-30.441,67,2018
Hudson Swafford,73,-.492,-25.596,-12.060,-13.534,52,2018
Retief Goosen,60,-.497,-19.867,-3.409,-16.459,40,2018
Rob Oppenheim,74,-.542,-29.255,-31.667,2.413,54,2018
Jonas Blixt,67,-.547,-26.236,-37.960,11.722,48,2018
Martin Flores,92,-.567,-40.854,-20.035,-20.821,72,2018
Robert Streb,78,-.581,-34.850,-30.021,-4.830,60,2018
Scott Brown,102,-.661,-53.530,-57.498,3.967,81,2018
Billy Hurley III,70,-.702,-40.024,-41.442,1.419,57,2018
Xinjun Zhang,81,-.734,-41.811,-16.926,-24.884,57,2018
Derek Fathauer,84,-.807,-54.869,-79.540,24.669,68,2018
Ethan Tracy,72,-.813,-43.876,-42.473,-1.402,54,2018
Cody Gribble,71,-.819,-44.251,-55.090,10.838,54,2018
Roberto Díaz,72,-.833,-46.666,-56.076,9.410,56,2018
Jonathan Randolph,71,-.877,-52.610,-59.521,6.912,60,2018
Michael Kim,74,-1.003,-54.166,-68.173,14.004,54,2018
Cameron Tringale,67,-1.019,-51.965,-46.678,-5.286,51,2018
Sung Kang,89,-1.041,-69.757,-54.034,-15.725,67,2018
Rod Pampling,62,-1.094,-49.235,-30.273,-18.964,45,2018
Martin Piller,79,-1.127,-75.535,-83.478,7.942,67,2018
Matt Atkins,56,-1.129,-45.173,-37.264,-7.906,40,2018
Matt Every,79,-1.139,-69.470,-47.268,-22.202,61,2018
Zecheng Dou,53,-1.198,-43.122,-19.112,-24.010,36,2018
Kyle Thompson,50,-1.262,-45.441,-18.421,-27.017,36,2018
Greg Chalmers,56,-1.266,-51.892,-84.279,32.387,41,2018
D.A. Points,63,-1.449,-69.535,-74.810,5.274,48,2018
Satoshi Kodaira,51,-1.832,-73.271,-47.474,-25.794,40,2018
Andrew Yun,51,-1.936,-65.811,-45.425,-20.385,34,2018
Daniel Summerhays,51,-2.105,-79.974,-107.938,27.965,38,2018
Jordan Spieth,85,1.988,127.259,105.532,21.727,64,2017
Dustin Johnson,77,1.972,112.398,106.705,5.690,57,2017
Rickie Fowler,78,1.875,110.611,62.675,47.934,59,2017
Jon Rahm,90,1.871,119.728,101.619,18.110,64,2017
Justin Thomas,86,1.724,105.194,86.434,18.759,61,2017
Paul Casey,94,1.537,102.973,93.723,9.248,67,2017
Marc Leishman,94,1.424,98.265,73.920,24.345,69,2017
Francesco Molinari,75,1.418,80.848,81.842,-.993,57,2017
Patrick Cantlay,52,1.269,58.394,51.092,7.300,46,2017
Justin Rose,66,1.268,64.687,67.873,-3.185,51,2017
Rory McIlroy,51,1.212,41.193,46.331,-5.138,34,2017
Louis Oosthuizen,69,1.179,55.403,34.792,20.610,47,2017
Kevin Kisner,105,1.148,83.777,50.642,33.132,73,2017
Tony Finau,106,1.147,104.349,116.465,-12.113,91,2017
Jason Day,71,1.109,58.803,40.523,18.279,53,2017
Matt Kuchar,95,1.106,80.759,61.496,19.262,73,2017
Shane Lowry,52,1.088,37.002,18.457,18.544,34,2017
Adam Scott,58,1.066,42.646,40.397,2.249,40,2017
Hideki Matsuyama,83,1.058,58.207,80.779,-22.572,55,2017
Phil Mickelson,85,1.048,72.284,49.062,23.222,69,2017
Stewart Cink,93,1.043,80.317,54.325,25.990,77,2017
Daniel Berger,91,1.032,69.171,55.642,13.526,67,2017
Brooks Koepka,88,.954,60.125,28.331,31.793,63,2017
Kyle Stanley,104,.951,89.383,118.383,-28.999,94,2017
Webb Simpson,102,.945,75.608,70.028,5.580,80,2017
Sergio Garcia,65,.941,39.507,55.903,-16.396,42,2017
Ian Poulter,72,.936,51.466,50.104,1.358,55,2017
Lucas Glover,93,.933,78.335,82.338,-4.004,84,2017
Russell Henley,99,.917,75.233,40.919,34.313,82,2017
Patrick Reed,107,.893,71.418,28.499,42.917,80,2017
Pat Perez,93,.877,62.291,37.996,24.295,71,2017
Brandt Snedeker,53,.862,32.755,17.608,15.149,38,2017
Martin Laird,83,.811,55.116,40.087,15.029,68,2017
Charl Schwartzel,63,.803,36.919,26.800,10.118,46,2017
Charley Hoffman,112,.780,69.387,74.656,-5.270,89,2017
Brendan Steele,89,.770,51.595,59.596,-8.000,67,2017
Graham DeLaet,82,.768,54.527,33.890,20.639,71,2017
Bill Haas,92,.763,51.904,51.594,.310,68,2017
Chez Reavie,98,.762,60.170,29.301,30.870,79,2017
Kevin Na,86,.755,46.806,39.390,7.416,62,2017
Jason Dufner,89,.734,51.406,47.706,3.698,70,2017
Xander Schauffele,96,.724,50.673,26.724,23.947,70,2017
Jamie Lovemark,98,.709,53.888,56.675,-2.785,76,2017
Gary Woodland,94,.692,44.270,67.271,-23.002,64,2017
Luke List,102,.691,59.402,96.066,-36.663,86,2017
Adam Hadwin,98,.640,48.005,12.760,35.245,75,2017
Keegan Bradley,104,.629,54.729,68.878,-14.147,87,2017
Byeong Hun An,77,.617,33.954,55.496,-21.541,55,2017
Zach Johnson,81,.584,37.374,10.821,26.551,64,2017
Brian Harman,104,.581,47.609,1.027,46.581,82,2017
Graeme McDowell,56,.572,27.477,-1.298,28.775,48,2017
Bud Cauley,92,.561,44.863,66.821,-21.956,80,2017
Seamus Power,86,.538,36.603,24.756,11.845,68,2017
J.B. Holmes,83,.521,29.679,36.310,-6.629,57,2017
Cameron Smith,86,.502,35.659,29.681,5.978,71,2017
Charles Howell III,86,.492,33.460,21.735,11.728,68,2017
Sung Kang,104,.478,39.231,26.622,12.609,82,2017
Kevin Chappell,95,.459,31.201,55.742,-24.541,68,2017
Emiliano Grillo,90,.455,29.102,38.427,-9.328,64,2017
Kevin Tway,96,.433,32.076,12.761,19.311,74,2017
Sean O'Hair,84,.422,28.692,18.392,10.301,68,2017
Chad Campbell,97,.405,34.408,58.708,-24.297,85,2017
Ollie Schniederjans,92,.383,31.060,32.585,-1.526,81,2017
David Lingmerth,79,.373,24.257,-6.153,30.411,65,2017
Jim Herman,77,.368,24.298,32.682,-8.381,66,2017
Jimmy Walker,68,.355,17.030,9.479,7.554,48,2017
Danny Lee,93,.325,24.662,5.911,18.754,76,2017
Hudson Swafford,94,.314,23.865,24.215,-.351,76,2017
Ryan Moore,82,.301,19.583,20.720,-1.135,65,2017
Brandon Hagy,85,.293,20.218,12.712,7.504,69,2017
Branden Grace,70,.283,12.163,21.211,-9.046,43,2017
Brian Gay,82,.282,19.483,-11.624,31.106,69,2017
Matt Jones,64,.278,14.177,5.507,8.670,51,2017
James Hahn,96,.260,21.026,18.080,2.947,81,2017
Robert Garrigus,78,.253,15.180,42.553,-27.370,60,2017
Michael Kim,94,.247,20.713,1.467,19.248,84,2017
Bryson DeChambeau,91,.243,17.255,30.051,-12.794,71,2017
Camilo Villegas,76,.218,13.523,-11.283,24.802,62,2017
Seung-Yul Noh,91,.186,13.964,-4.330,18.292,75,2017
Jhonattan Vegas,95,.174,12.022,38.310,-26.288,69,2017
Mackenzie Hughes,106,.172,16.538,-30.728,47.265,96,2017
Nick Watney,75,.171,10.914,18.163,-7.248,64,2017
Sebastián Muñoz,51,.169,6.606,-7.349,13.952,39,2017
Kevin Streelman,90,.169,13.179,35.126,-21.945,78,2017
Wesley Bryan,95,.167,12.543,-10.064,22.608,75,2017
Ben Martin,86,.163,11.440,14.555,-3.114,70,2017
Nick Taylor,97,.151,12.558,28.402,-15.842,83,2017
Daniel Summerhays,100,.146,11.426,-3.797,15.223,78,2017
Billy Horschel,88,.138,10.740,-2.156,12.896,78,2017
Rory Sabbatini,71,.125,6.614,25.522,-18.911,53,2017
Bubba Watson,71,.116,5.893,14.622,-8.729,51,2017
Billy Hurley III,80,.110,7.621,-18.150,25.771,69,2017
Harold Varner III,101,.109,9.366,43.925,-34.559,86,2017
Ryan Armour,63,.107,5.247,6.662,-1.420,49,2017
Vaughn Taylor,90,.106,8.032,-2.519,10.553,76,2017
Rafa Cabrera Bello,63,.101,4.227,-17.408,21.632,42,2017
John Huh,92,.099,7.499,-1.950,9.452,76,2017
J.T. Poston,95,.079,5.634,12.653,-7.017,71,2017
Robert Streb,98,.078,6.516,6.295,.222,84,2017
Jason Kokrak,95,.073,5.799,44.630,-38.828,79,2017
Sam Saunders,76,.071,4.309,-4.127,8.434,61,2017
Grayson Murray,94,.064,5.444,12.372,-6.930,85,2017
Ryan Blaum,100,.047,3.893,-23.477,27.369,82,2017
Luke Donald,50,.047,2.021,-28.265,30.285,43,2017
Tag Ridings,67,.030,1.504,-8.627,10.128,50,2017
Andres Gonzales,73,.020,1.160,-.166,1.324,57,2017
Scott Stallings,81,.020,1.333,23.083,-21.749,68,2017
Harris English,84,.017,1.175,-24.146,25.324,68,2017
Blayne Barber,77,.013,.893,-26.037,26.929,67,2017
Chris Stroud,67,.013,.629,6.676,-6.046,48,2017
Martin Flores,88,-.015,-.995,-17.201,16.203,67,2017
Jim Furyk,54,-.023,-.921,-4.417,3.495,40,2017
Ricky Barnes,100,-.027,-2.057,-22.050,19.991,77,2017
Shawn Stefani,72,-.043,-2.602,.826,-3.427,60,2017
Zac Blair,105,-.044,-3.564,-6.358,2.795,81,2017
Tim Wilkinson,64,-.053,-2.431,-2.849,.416,46,2017
Morgan Hoffmann,92,-.060,-4.921,-11.349,6.427,82,2017
William McGirt,89,-.067,-4.572,-3.339,-1.233,68,2017
Scott Brown,95,-.068,-5.297,-26.859,21.562,78,2017
J.J. Spaun,92,-.072,-5.215,-3.251,-1.963,72,2017
Gonzalo Fernandez-Castaño,63,-.078,-3.417,-24.941,21.522,44,2017
Cameron Percy,71,-.082,-4.510,6.768,-11.280,55,2017
C.T. Pan,88,-.084,-6.246,-4.567,-1.680,74,2017
David Hearn,93,-.096,-6.814,-3.110,-3.704,71,2017
Ryan Palmer,61,-.127,-5.954,46.302,-52.255,47,2017
Cameron Tringale,89,-.140,-9.099,-17.200,8.101,65,2017
Russell Knox,75,-.144,-7.502,10.819,-18.322,52,2017
Troy Merritt,82,-.146,-9.959,-8.085,-1.872,68,2017
Geoff Ogilvy,80,-.152,-10.171,-13.059,2.889,67,2017
Ryan Brehm,83,-.160,-9.745,-1.909,-7.835,61,2017
Steve Wheatcroft,51,-.162,-6.486,-25.637,19.148,40,2017
Aaron Baddeley,61,-.172,-7.925,-9.927,2.004,46,2017
J.J. Henry,92,-.172,-12.890,19.374,-32.264,75,2017
Michael Thompson,60,-.173,-7.614,-44.554,36.940,44,2017
Smylie Kaufman,76,-.177,-11.153,-2.543,-8.611,63,2017
Søren Kjeldsen,58,-.182,-6.198,-22.280,16.081,34,2017
Peter Malnati,91,-.184,-13.460,-46.365,32.905,73,2017
Trey Mullinax,88,-.184,-12.155,-9.089,-3.064,66,2017
Anirban Lahiri,72,-.186,-10.991,8.806,-19.797,59,2017
Scott Piercy,70,-.214,-10.067,12.564,-22.627,47,2017
Tyrone Van Aswegen,105,-.217,-17.366,8.205,-25.571,80,2017
Ben Crane,86,-.223,-15.372,-4.707,-10.665,69,2017
Richy Werenski,81,-.223,-13.591,-13.614,.022,61,2017
Chris Kirk,89,-.228,-15.988,-10.835,-5.152,70,2017
Whee Kim,74,-.232,-13.448,-39.909,26.460,58,2017
K.J. Choi,72,-.264,-14.231,-23.726,9.494,54,2017
Tom Hoge,54,-.274,-10.676,-11.412,.734,39,2017
Julián Etulain,68,-.307,-15.661,-19.657,3.994,51,2017
Boo Weekley,75,-.323,-19.716,38.449,-58.165,61,2017
Mark Anderson,54,-.325,-13.640,-12.976,-.665,42,2017
Johnson Wagner,71,-.336,-19.168,-25.989,6.821,57,2017
Jonas Blixt,74,-.341,-20.118,-51.744,31.627,59,2017
Brian Stuard,93,-.343,-22.986,-19.854,-3.131,67,2017
Retief Goosen,52,-.390,-15.985,1.423,-17.412,41,2017
Spencer Levin,89,-.400,-26.811,-28.793,1.980,67,2017
D.A. Points,68,-.406,-23.570,4.130,-27.700,58,2017
Fabián Gómez,61,-.407,-20.763,-20.479,-.281,51,2017
Steven Alker,69,-.412,-21.005,-5.251,-15.756,51,2017
Kyle Reifers,96,-.418,-30.959,-10.561,-20.397,74,2017
Brian Campbell,55,-.428,-17.536,-33.309,15.773,41,2017
Dominic Bozzelli,69,-.449,-24.714,-22.909,-1.803,55,2017
Alex Cejka,85,-.452,-28.040,-5.758,-22.281,62,2017
Chad Collins,66,-.454,-24.497,-28.793,4.292,54,2017
Roberto Castro,70,-.479,-24.901,-1.956,-22.944,52,2017
Jonathan Randolph,68,-.506,-23.765,-18.146,-5.622,47,2017
Cody Gribble,79,-.524,-36.710,-68.959,32.251,70,2017
Greg Chalmers,75,-.533,-36.266,-57.781,21.515,68,2017
Hunter Mahan,73,-.568,-33.540,-49.371,15.830,59,2017
Patton Kizzire,84,-.578,-41.646,-34.219,-7.426,72,2017
Derek Fathauer,81,-.647,-41.399,-47.386,5.990,64,2017
Rod Pampling,71,-.677,-44.658,-10.443,-34.213,66,2017
Kelly Kraft,75,-.681,-44.288,-34.084,-10.200,65,2017
Ernie Els,52,-.685,-22.617,-34.176,11.560,33,2017
Mark Hubbard,81,-.702,-42.796,-30.613,-12.184,61,2017
Patrick Rodgers,76,-.716,-47.261,-42.882,-4.378,66,2017
Brad Fritsch,56,-.719,-30.189,-5.143,-25.049,42,2017
Rick Lamb,54,-.824,-31.312,-21.673,-9.640,38,2017
Bryce Molder,74,-.846,-54.137,-78.676,24.539,64,2017
Ken Duke,77,-.887,-53.241,-26.106,-27.136,60,2017
Brett Drewitt,57,-1.035,-44.516,-24.858,-19.660,43,2017
Ryo Ishikawa,56,-1.132,-48.672,-39.903,-8.769,43,2017
Jason Bohn,75,-1.141,-70.715,-62.463,-8.252,62,2017
Si Woo Kim,80,-1.222,-68.453,-43.707,-24.746,56,2017
Brett Stegmaier,78,-1.265,-73.390,-43.551,-29.838,58,2017
Carl Pettersson,63,-1.283,-66.736,-75.696,8.957,52,2017
Nicholas Lindheim,58,-1.285,-56.544,-71.342,14.796,44,2017
Miguel Angel Carballo,63,-1.358,-58.386,-44.639,-13.749,43,2017
Andrew Loupe,55,-1.416,-66.574,-55.207,-11.367,47,2017
Matt Every,76,-1.454,-88.707,-72.096,-16.609,61,2017
Steven Bowditch,59,-2.889,-129.989,-123.244,-6.745,45,2017
Jason Day,76,2.118,114.345,53.300,61.042,54,2016
Dustin Johnson,87,1.993,123.535,103.173,20.361,62,2016
Adam Scott,79,1.894,106.049,115.451,-9.405,56,2016
Rory McIlroy,69,1.681,80.664,90.600,-9.938,48,2016
Jordan Spieth,80,1.569,91.007,47.052,43.954,58,2016
Rickie Fowler,80,1.378,88.176,78.366,9.807,64,2016
Paul Casey,77,1.372,78.202,71.815,6.384,57,2016
Phil Mickelson,75,1.364,80.465,47.128,33.335,59,2016
Matt Kuchar,100,1.314,101.155,71.800,29.356,77,2016
Hideki Matsuyama,76,1.290,74.811,76.281,-1.472,58,2016
Justin Rose,65,1.128,55.269,64.906,-9.639,49,2016
Brooks Koepka,75,1.092,65.547,38.862,26.681,60,2016
Charl Schwartzel,73,1.043,58.409,66.059,-7.649,56,2016
Patrick Reed,105,1.026,80.018,58.213,21.805,78,2016
Bubba Watson,72,.992,50.598,69.290,-18.692,51,2016
Gary Woodland,95,.968,74.507,84.502,-9.997,77,2016
William McGirt,98,.958,84.268,52.598,31.666,88,2016
Ryan Moore,86,.895,58.170,35.337,22.831,65,2016
Daniel Berger,92,.893,64.310,51.681,12.627,72,2016
Jimmy Walker,85,.892,62.447,45.452,16.994,70,2016
Brandt Snedeker,93,.860,63.676,38.326,25.351,74,2016
Branden Grace,63,.855,35.923,40.325,-4.402,42,2016
Louis Oosthuizen,63,.836,35.110,36.007,-.897,42,2016
Billy Horschel,73,.810,45.349,41.074,4.273,56,2016
Sergio Garcia,54,.801,24.818,36.845,-12.028,31,2016
Ryan Palmer,86,.774,60.360,67.673,-7.314,78,2016
Kevin Chappell,93,.770,60.076,84.270,-24.195,78,2016
Steve Stricker,53,.721,32.433,4.539,27.895,45,2016
Charles Howell III,91,.673,52.469,42.087,10.378,78,2016
Webb Simpson,70,.667,38.703,66.647,-27.945,58,2016
Chris Kirk,90,.653,48.356,48.808,-.451,74,2016
Alex Cejka,71,.642,32.717,32.170,.541,51,2016
Robert Garrigus,69,.632,34.109,45.584,-11.475,54,2016
Kevin Na,96,.627,43.284,38.144,5.139,69,2016
Retief Goosen,55,.613,29.402,7.243,22.157,48,2016
Zach Johnson,90,.609,44.452,15.635,28.815,73,2016
Jhonattan Vegas,97,.604,48.310,40.433,7.873,80,2016
Roberto Castro,97,.587,51.649,74.277,-22.627,88,2016
Harris English,97,.574,41.357,-1.242,42.599,72,2016
Lucas Glover,75,.572,38.306,51.157,-12.851,67,2016
Chad Campbell,90,.565,44.627,64.869,-20.244,79,2016
Charley Hoffman,91,.562,39.373,41.891,-2.516,70,2016
Francesco Molinari,64,.562,32.042,48.935,-16.895,57,2016
Tim Wilkinson,72,.561,28.056,11.265,16.789,50,2016
Russell Henley,76,.560,38.611,25.269,13.341,69,2016
Jason Kokrak,89,.560,41.465,61.425,-19.960,74,2016
Shane Lowry,57,.551,19.851,17.686,2.165,36,2016
Kevin Kisner,97,.548,39.993,-8.678,48.670,73,2016
Bryce Molder,80,.540,36.178,-.885,37.063,67,2016
Jim Furyk,52,.530,23.316,20.351,2.964,44,2016
Adam Hadwin,93,.526,45.799,-.245,46.041,87,2016
David Hearn,95,.525,43.070,25.491,17.577,82,2016
Bill Haas,86,.519,33.203,44.343,-11.142,64,2016
Marc Leishman,89,.510,33.118,16.766,16.349,65,2016
John Senden,88,.510,39.761,14.073,25.684,78,2016
Russell Knox,92,.506,32.876,36.373,-3.499,65,2016
Chez Reavie,90,.500,37.963,57.863,-19.898,76,2016
Si Woo Kim,113,.499,48.924,59.596,-10.674,98,2016
Jason Dufner,105,.488,38.534,66.383,-27.850,79,2016
J.B. Holmes,77,.481,28.848,38.038,-9.189,60,2016
Emiliano Grillo,93,.479,34.949,39.004,-4.057,73,2016
Jamie Lovemark,91,.463,37.967,26.355,11.610,82,2016
Luke List,79,.436,28.364,46.100,-17.737,65,2016
Patton Kizzire,93,.382,28.304,-5.733,34.033,74,2016
David Toms,62,.380,20.523,13.375,7.145,54,2016
Luke Donald,81,.378,22.308,13.546,8.760,59,2016
Sean O'Hair,89,.371,31.161,13.671,17.488,84,2016
Johnson Wagner,86,.368,27.996,7.251,20.742,76,2016
Billy Hurley III,66,.348,20.559,-4.963,25.520,59,2016
Colt Knost,90,.324,22.685,-4.196,26.876,70,2016
Smylie Kaufman,91,.322,22.840,13.340,9.497,71,2016
Justin Thomas,99,.320,24.034,37.913,-13.881,75,2016
Patrick Rodgers,89,.311,22.099,35.800,-13.705,71,2016
Danny Lee,93,.302,21.151,35.669,-14.520,70,2016
Hudson Swafford,104,.302,27.507,9.066,18.438,91,2016
Keegan Bradley,82,.298,18.777,58.524,-39.747,63,2016
Martin Laird,82,.297,20.812,9.833,10.978,70,2016
Ricky Barnes,97,.295,23.560,-7.282,30.841,80,2016
Brendan Steele,88,.275,18.723,36.165,-17.443,68,2016
David Lingmerth,84,.261,15.659,12.368,3.288,60,2016
Brian Harman,104,.260,23.633,-20.517,44.148,91,2016
Ben Crane,80,.253,16.445,2.398,14.046,65,2016
Spencer Levin,104,.238,19.517,18.819,.696,82,2016
Daniel Summerhays,99,.236,18.619,-28.130,46.746,79,2016
Aaron Baddeley,93,.234,17.349,-25.655,43.002,74,2016
Scott Piercy,87,.192,12.274,30.592,-18.318,64,2016
K.J. Choi,73,.178,11.761,-11.501,23.263,66,2016
Stuart Appleby,71,.176,11.639,-1.664,13.303,66,2016
Jerry Kelly,76,.167,10.027,22.875,-12.848,60,2016
Scott Stallings,74,.158,9.765,27.830,-18.067,62,2016
Thomas Aiken,70,.156,7.464,7.167,.298,48,2016
Kyle Reifers,115,.148,14.242,4.495,9.746,96,2016
Scott Brown,88,.143,9.866,8.591,1.275,69,2016
Kyle Stanley,92,.141,11.009,21.217,-10.208,78,2016
Vijay Singh,72,.128,8.342,14.417,-6.075,65,2016
Robert Streb,87,.122,7.956,36.045,-28.089,65,2016
Chris Stroud,82,.121,8.374,-2.006,10.379,69,2016
Tony Finau,95,.118,9.096,17.417,-8.324,77,2016
Harold Varner III,92,.101,7.999,37.759,-29.760,79,2016
Blayne Barber,84,.099,7.319,6.541,.776,74,2016
Boo Weekley,83,.082,5.822,21.783,-15.963,71,2016
Graham DeLaet,70,.072,4.180,16.393,-12.215,58,2016
Anirban Lahiri,72,.068,3.244,4.203,-.959,48,2016
Henrik Norlander,71,.066,3.455,2.532,.921,52,2016
Kevin Streelman,82,.064,4.031,28.170,-24.140,63,2016
Stewart Cink,61,.062,3.014,22.514,-19.497,49,2016
Jon Curran,99,.053,4.449,-29.758,34.204,84,2016
Brett Stegmaier,87,.048,3.602,8.130,-4.530,75,2016
Freddie Jacobson,86,.047,3.313,-30.653,33.964,71,2016
Kelly Kraft,63,.039,1.700,-6.420,8.118,44,2016
Vaughn Taylor,72,.033,2.222,30.611,-28.390,67,2016
Seung-Yul Noh,85,.026,1.821,-10.297,12.116,69,2016
Ben Martin,92,.023,1.813,-9.392,11.201,80,2016
Sung Kang,89,.004,.285,-13.321,13.605,73,2016
Ernie Els,66,-.024,-1.321,-23.983,22.658,56,2016
Cameron Tringale,81,-.024,-1.683,-5.687,4.002,70,2016
Fabián Gómez,82,-.037,-2.672,-18.204,15.530,73,2016
Andrew Landry,53,-.040,-1.325,-22.916,21.590,33,2016
John Huh,86,-.050,-3.934,12.333,-16.267,78,2016
Tyrone Van Aswegen,105,-.054,-4.692,2.117,-6.811,87,2016
Padraig Harrington,54,-.067,-2.966,12.085,-15.050,44,2016
Nick Taylor,83,-.068,-4.465,5.695,-10.159,66,2016
Michael Thompson,71,-.072,-3.805,7.489,-11.296,53,2016
Michael Kim,100,-.089,-7.533,-31.099,23.564,85,2016
Willy Wilcox,67,-.089,-5.074,-3.544,-1.533,57,2016
Brian Stuard,66,-.093,-5.554,-4.229,-1.325,60,2016
Jonas Blixt,79,-.101,-6.767,-41.628,34.859,67,2016
Andrew Loupe,75,-.115,-7.583,-27.442,19.856,66,2016
Morgan Hoffmann,71,-.116,-6.839,-19.132,12.290,59,2016
Shawn Stefani,91,-.144,-11.101,14.737,-25.839,77,2016
Graeme McDowell,63,-.178,-8.028,1.336,-9.366,45,2016
Jim Herman,93,-.180,-12.577,6.861,-19.437,70,2016
Geoff Ogilvy,63,-.187,-9.374,12.473,-21.845,50,2016
Bronson Burgoon,83,-.202,-12.933,-13.906,.971,64,2016
Whee Kim,82,-.209,-13.590,.618,-14.208,65,2016
Chesson Hadley,81,-.213,-14.038,-3.131,-10.909,66,2016
Mark Hubbard,101,-.216,-17.900,-40.461,22.560,83,2016
Jason Bohn,67,-.220,-12.957,-14.869,1.908,59,2016
Steve Wheatcroft,85,-.221,-15.477,-26.218,10.738,70,2016
Sam Saunders,69,-.232,-11.837,-14.920,3.081,51,2016
Tyler Aldridge,83,-.240,-16.062,-7.398,-8.667,67,2016
James Hahn,85,-.244,-16.844,.064,-16.910,69,2016
Dawie van der Walt,72,-.274,-15.357,-11.932,-3.427,56,2016
Will MacKenzie,84,-.304,-20.047,11.597,-31.645,66,2016
Wes Roach,59,-.316,-13.568,-26.447,12.877,43,2016
Rob Oppenheim,67,-.322,-16.101,-13.791,-2.311,50,2016
Tom Hoge,81,-.323,-20.359,-15.995,-4.366,63,2016
Scott Pinckney,87,-.325,-23.102,-18.604,-4.499,71,2016
Brendon de Jonge,83,-.332,-21.612,-31.753,10.140,65,2016
Troy Merritt,77,-.364,-23.679,-39.507,15.827,65,2016
Camilo Villegas,83,-.369,-26.190,-40.585,14.392,71,2016
Zac Blair,99,-.370,-29.953,-45.774,15.820,81,2016
Matt Jones,83,-.376,-23.327,-4.375,-18.950,62,2016
Derek Fathauer,94,-.399,-29.923,-56.418,26.493,75,2016
Martin Piller,59,-.400,-18.395,-44.258,25.861,46,2016
D.A. Points,55,-.406,-15.833,7.399,-23.232,39,2016
Greg Owen,85,-.415,-28.190,36.197,-64.388,68,2016
Rod Pampling,54,-.426,-15.780,1.810,-17.589,37,2016
Luke Guthrie,57,-.444,-19.968,-38.137,18.168,45,2016
Chad Collins,73,-.452,-28.942,-28.670,-.272,64,2016
Steve Marino,72,-.458,-25.196,-27.676,2.479,55,2016
Andres Gonzales,80,-.462,-29.552,-30.033,.480,64,2016
Jeff Overton,69,-.492,-28.548,-4.433,-24.119,58,2016
Jason Gore,78,-.532,-31.392,-26.714,-4.677,59,2016
Mark Wilson,66,-.554,-30.481,-21.965,-8.517,55,2016
Scott Langley,65,-.594,-31.467,-33.877,2.409,53,2016
Hiroshi Iwata,85,-.621,-40.998,-51.161,10.162,66,2016
Peter Malnati,85,-.652,-48.235,-84.588,36.351,74,2016
Derek Ernst,59,-.683,-29.374,-5.468,-23.907,43,2016
Erik Compton,65,-.698,-34.922,-33.966,-.958,50,2016
Carlos Ortiz,79,-.701,-42.034,-28.647,-13.388,60,2016
Rhein Gibson,58,-.708,-31.168,-19.477,-11.690,44,2016
J.J. Henry,68,-.711,-42.673,-28.480,-14.194,60,2016
Abraham Ancer,51,-.727,-27.640,-11.660,-15.980,38,2016
Ken Duke,58,-.734,-35.238,-10.092,-25.147,48,2016
Cameron Smith,73,-.763,-35.095,-32.475,-2.619,46,2016
Hunter Mahan,61,-.773,-37.862,-52.098,14.236,49,2016
George McNeill,51,-.791,-36.378,-14.065,-22.315,46,2016
Dicky Pride,55,-.830,-34.015,-39.915,5.900,41,2016
Ángel Cabrera,62,-1.061,-50.916,-33.999,-16.917,48,2016
Rory Sabbatini,57,-1.403,-54.728,-17.894,-36.835,39,2016
Brendon Todd,66,-1.593,-86.026,-110.968,24.939,54,2016
D.H. Lee,61,-1.778,-81.801,-83.752,1.949,46,2016
Robert Allenby,51,-1.950,-79.953,-59.839,-20.116,41,2016
Steven Bowditch,71,-3.209,-176.506,-183.718,7.212,55,2016
Henrik Stenson,63,2.210,97.245,78.041,19.205,44,2015
Jordan Spieth,91,2.154,142.131,104.470,37.665,66,2015
Jason Day,75,2.106,120.054,86.649,33.407,57,2015
Bubba Watson,71,2.088,116.927,105.053,11.875,56,2015
Jim Furyk,71,1.634,84.986,86.239,-1.252,52,2015
Justin Rose,69,1.493,73.180,72.060,1.123,49,2015
Hideki Matsuyama,95,1.464,102.473,97.135,5.340,70,2015
Dustin Johnson,75,1.455,78.552,71.623,6.932,54,2015
Paul Casey,87,1.216,76.616,75.709,.911,63,2015
Willy Wilcox,58,1.186,48.615,35.396,13.220,41,2015
Matt Kuchar,97,1.133,87.212,62.892,24.322,77,2015
Zach Johnson,90,1.120,78.417,75.643,2.778,70,2015
Robert Streb,110,1.093,104.938,68.382,36.561,96,2015
Rickie Fowler,76,1.088,62.024,44.412,17.616,57,2015
Brooks Koepka,84,1.081,70.245,42.877,27.372,65,2015
Sergio Garcia,59,1.045,37.624,38.412,-.784,36,2015
Keegan Bradley,87,1.018,65.156,69.635,-4.473,64,2015
Justin Thomas,106,.968,92.893,88.883,4.012,96,2015
Ryan Palmer,80,.960,51.852,43.921,7.937,54,2015
Brendan Steele,88,.958,72.798,76.351,-3.547,76,2015
J.B. Holmes,89,.944,62.313,62.613,-.296,66,2015
Kevin Na,98,.944,67.027,50.485,16.544,71,2015
Jimmy Walker,89,.933,59.711,15.449,44.265,64,2015
Lee Westwood,56,.879,28.112,9.067,19.046,32,2015
Patrick Reed,103,.859,65.248,35.333,29.919,76,2015
Brendon Todd,96,.830,63.067,18.851,44.219,76,2015
Russell Knox,96,.806,70.153,71.984,-1.826,87,2015
Jason Bohn,95,.777,67.614,46.844,20.775,87,2015
Harris English,105,.777,68.373,19.079,49.298,88,2015
Danny Lee,120,.729,72.890,35.448,37.446,100,2015
Webb Simpson,81,.700,44.777,86.154,-41.374,64,2015
Matt Jones,89,.664,44.474,17.609,26.870,67,2015
Tony Finau,106,.628,57.797,58.336,-.533,92,2015
Kevin Kisner,104,.628,59.060,36.548,22.516,94,2015
Brandt Snedeker,98,.607,45.544,1.471,44.074,75,2015
Louis Oosthuizen,68,.605,28.413,38.757,-10.341,47,2015
Francesco Molinari,56,.604,25.981,36.930,-10.948,43,2015
Pat Perez,96,.586,48.638,18.418,30.224,83,2015
Luke Donald,71,.584,31.525,15.948,15.579,54,2015
Phil Mickelson,70,.581,31.955,17.541,14.421,55,2015
Ryan Moore,81,.578,35.241,25.501,9.741,61,2015
George McNeill,93,.563,50.107,31.233,18.879,89,2015
Ian Poulter,68,.554,26.602,15.785,10.820,48,2015
Daniel Summerhays,101,.541,48.137,-9.194,57.333,89,2015
Shawn Stefani,94,.497,43.779,37.244,6.539,88,2015
Daniel Berger,97,.489,40.570,56.604,-16.030,83,2015
Stewart Cink,77,.468,30.900,24.191,6.712,66,2015
Russell Henley,87,.462,30.964,-7.805,38.773,67,2015
Rory Sabbatini,81,.461,30.396,37.393,-6.993,66,2015
Bill Haas,89,.460,32.670,48.916,-16.243,71,2015
William McGirt,103,.455,44.167,38.354,5.816,97,2015
Billy Horschel,99,.446,32.594,14.757,17.841,73,2015
Chad Campbell,97,.437,39.742,43.819,-4.074,91,2015
Jerry Kelly,79,.436,28.793,12.305,16.490,66,2015
Boo Weekley,79,.425,28.496,44.965,-16.467,67,2015
Tom Hoge,83,.415,26.965,26.671,.296,65,2015
Chris Kirk,76,.414,23.201,19.572,3.632,56,2015
Brian Harman,90,.413,32.185,13.799,18.390,78,2015
David Lingmerth,90,.405,29.985,27.089,2.899,74,2015
Steven Bowditch,103,.400,35.219,22.536,12.687,88,2015
Charles Howell III,105,.383,37.878,59.277,-21.395,99,2015
Jim Herman,88,.376,28.983,31.329,-2.341,77,2015
Kevin Chappell,86,.370,27.785,15.162,12.628,75,2015
Cameron Tringale,96,.369,29.152,19.283,9.874,79,2015
David Hearn,97,.356,30.278,-.159,30.442,85,2015
James Hahn,94,.355,27.682,23.949,3.736,78,2015
Jamie Donaldson,50,.341,10.915,-.263,11.182,32,2015
Hudson Swafford,97,.338,28.065,-1.829,29.896,83,2015
Charley Hoffman,97,.335,25.442,20.473,4.973,76,2015
Scott Piercy,90,.329,27.272,26.744,.534,83,2015
Brendon de Jonge,106,.312,28.734,29.421,-.684,92,2015
Martin Laird,77,.306,22.332,15.017,7.320,73,2015
Marc Leishman,74,.302,16.304,17.400,-1.093,54,2015
Vijay Singh,78,.302,20.808,56.047,-35.238,69,2015
Jason Kokrak,88,.293,23.479,24.475,-.993,80,2015
Graham DeLaet,65,.287,15.487,16.126,-.636,54,2015
Ben Martin,93,.280,21.530,11.785,9.748,77,2015
Nick Watney,91,.258,20.876,53.541,-32.658,81,2015
K.J. Choi,66,.256,14.595,-9.082,23.677,57,2015
John Peterson,84,.251,19.311,33.475,-14.163,77,2015
Carl Pettersson,106,.236,22.652,-9.549,32.204,96,2015
Jonathan Byrd,69,.232,11.854,7.559,4.295,51,2015
Jason Dufner,76,.222,10.634,44.236,-33.598,48,2015
Chad Collins,79,.214,13.454,12.679,.778,63,2015
Adam Scott,51,.206,6.577,19.240,-12.662,32,2015
Gary Woodland,81,.198,10.685,6.514,4.173,54,2015
Morgan Hoffmann,85,.196,13.547,-2.432,15.981,69,2015
Colt Knost,90,.196,14.488,-11.244,25.734,74,2015
Bryce Molder,91,.189,14.528,-24.572,39.105,77,2015
Scott Brown,97,.185,14.987,17.487,-2.495,81,2015
Adam Hadwin,95,.183,14.861,-4.165,19.029,81,2015
Sean O'Hair,86,.180,14.606,.953,13.657,81,2015
Camilo Villegas,83,.176,13.034,-1.409,14.447,74,2015
Zac Blair,108,.171,15.011,-31.344,46.359,88,2015
Kyle Reifers,96,.136,10.903,8.050,2.855,80,2015
Kevin Streelman,95,.133,9.713,25.694,-15.978,73,2015
Patrick Rodgers,57,.129,5.956,6.113,-.153,46,2015
Scott Langley,94,.126,9.981,8.559,1.424,79,2015
Carlos Ortiz,100,.124,10.287,-4.006,14.293,83,2015
Hunter Mahan,88,.120,7.805,-17.541,25.348,65,2015
Johnson Wagner,68,.095,5.419,-6.150,11.571,57,2015
Jeff Overton,94,.091,6.825,-1.024,7.851,75,2015
Jason Gore,76,.089,5.189,9.104,-3.911,58,2015
John Huh,102,.088,7.865,-17.001,24.869,89,2015
Erik Compton,86,.084,5.892,-26.969,32.862,70,2015
John Senden,80,.082,4.159,7.265,-3.103,51,2015
Chez Reavie,56,.080,4.021,17.114,-13.090,50,2015
David Toms,62,.076,4.198,9.806,-5.604,55,2015
Charl Schwartzel,67,.073,3.011,25.782,-22.769,41,2015
Spencer Levin,99,.070,5.794,11.205,-5.408,83,2015
Sangmoon Bae,98,.059,5.186,-17.677,22.865,88,2015
Martin Flores,95,.038,3.038,20.111,-17.069,79,2015
Mark Wilson,89,.026,2.118,7.415,-5.295,81,2015
Cameron Percy,72,.020,1.179,9.445,-8.262,58,2015
Steven Alker,62,.017,.838,8.136,-7.294,50,2015
Blayne Barber,76,.015,.970,-18.726,19.696,63,2015
Chris Stroud,84,.002,.154,12.108,-11.950,68,2015
Alex Prugh,84,-.004,-.254,3.675,-3.925,72,2015
Whee Kim,71,-.013,-.726,4.513,-5.235,56,2015
Luke Guthrie,84,-.037,-2.504,-9.973,7.472,68,2015
Steve Wheatcroft,87,-.038,-2.754,-27.601,24.849,72,2015
Ryo Ishikawa,90,-.051,-3.848,3.914,-7.760,75,2015
Jon Curran,83,-.088,-5.705,-3.852,-1.848,65,2015
Billy Hurley III,83,-.112,-7.083,-26.677,19.597,63,2015
Roberto Castro,54,-.120,-4.304,22.045,-26.348,36,2015
Scott Pinckney,88,-.131,-9.729,-31.491,21.766,74,2015
Michael Putnam,87,-.153,-10.399,25.384,-35.781,68,2015
Seung-Yul Noh,65,-.154,-8.337,-11.887,3.552,54,2015
Derek Fathauer,81,-.173,-11.438,-31.270,19.834,66,2015
Lucas Glover,79,-.181,-13.006,84.256,-97.258,72,2015
Troy Merritt,91,-.195,-15.992,-47.448,31.459,82,2015
Michael Thompson,83,-.195,-14.651,-26.155,11.506,75,2015
Alex Cejka,94,-.217,-17.158,1.178,-18.331,79,2015
Aaron Baddeley,76,-.223,-14.727,-62.372,47.649,66,2015
Greg Owen,58,-.226,-9.025,22.895,-31.917,40,2015
Brian Stuard,97,-.240,-18.951,-28.093,9.144,79,2015
Bo Van Pelt,81,-.250,-16.265,-23.949,7.687,65,2015
Jhonattan Vegas,90,-.267,-19.223,-25.387,6.165,72,2015
J.J. Henry,94,-.308,-23.433,8.003,-31.432,76,2015
Justin Leonard,61,-.313,-16.906,-29.381,12.475,54,2015
Fabián Gómez,83,-.324,-22.352,-26.634,4.288,69,2015
Retief Goosen,81,-.338,-20.298,-21.898,1.602,60,2015
John Merrick,78,-.356,-20.640,24.333,-44.970,58,2015
Chesson Hadley,101,-.357,-31.793,-46.743,14.951,89,2015
Andres Romero,69,-.374,-20.181,-30.424,10.244,54,2015
Davis Love III,51,-.377,-15.839,-1.283,-14.555,42,2015
Nick Taylor,91,-.377,-31.251,-40.581,9.329,83,2015
Ken Duke,93,-.378,-29.466,-12.169,-17.294,78,2015
Mark Hubbard,79,-.383,-23.343,-17.116,-6.226,61,2015
Ricky Barnes,82,-.396,-24.932,-34.980,10.048,63,2015
Geoff Ogilvy,50,-.432,-15.134,9.090,-24.221,35,2015
Jonas Blixt,78,-.440,-22.867,-29.210,6.345,52,2015
D.A. Points,72,-.451,-26.143,-22.987,-3.154,58,2015
Sam Saunders,83,-.496,-31.279,-22.686,-8.589,63,2015
Brian Davis,86,-.512,-36.350,-42.073,5.724,71,2015
Derek Ernst,75,-.531,-33.479,-.944,-32.531,63,2015
Brice Garnett,81,-.532,-34.055,-28.324,-5.727,64,2015
Andres Gonzales,90,-.537,-40.779,-54.259,13.481,76,2015
Ben Crane,62,-.558,-29.034,-39.482,10.452,52,2015
Scott Stallings,60,-.558,-27.329,-8.117,-19.208,49,2015
Tyrone Van Aswegen,58,-.580,-24.374,-17.992,-6.379,42,2015
Sung Joon Park,79,-.588,-37.050,-10.507,-26.539,63,2015
Ernie Els,57,-.600,-23.400,.364,-23.764,39,2015
Ángel Cabrera,53,-.604,-25.347,-1.324,-24.020,42,2015
Greg Chalmers,58,-.605,-21.766,-40.792,19.028,36,2015
Gonzalo Fernandez-Castaño,81,-.646,-40.728,-7.858,-32.867,63,2015
Nicholas Thompson,90,-.712,-49.836,-15.321,-34.513,70,2015
Jonathan Randolph,72,-.718,-40.193,-47.600,7.408,56,2015
Max Homa,78,-.729,-45.187,-38.369,-6.816,62,2015
Padraig Harrington,60,-.756,-37.055,-12.904,-24.148,49,2015
Tim Wilkinson,73,-.847,-49.127,-33.003,-16.123,58,2015
Byron Smith,59,-.873,-37.525,-11.862,-25.660,43,2015
Robert Garrigus,70,-.887,-48.760,-10.416,-38.341,55,2015
Andrew Putnam,68,-.905,-48.867,-77.222,28.357,54,2015
Charlie Beljan,76,-.933,-53.197,-7.658,-45.536,57,2015
Eric Axley,57,-.952,-40.927,-47.362,6.438,43,2015
Matt Every,73,-.968,-54.219,-58.416,4.198,56,2015
Robert Allenby,63,-.970,-49.452,-10.985,-38.465,51,2015
Andrew Svoboda,80,-1.067,-74.680,-72.885,-1.792,70,2015
Bill Lunde,50,-1.244,-44.788,-26.055,-18.731,36,2015
Oscar Fraustro,58,-1.316,-52.656,-41.345,-11.308,40,2015
Jim Renner,68,-1.449,-81.130,-25.428,-55.698,56,2015
Heath Slocum,57,-1.564,-61.000,-37.813,-23.184,39,2015
Roger Sloan,56,-1.605,-64.210,-44.137,-20.070,40,2015
Rory McIlroy,66,2.266,108.746,95.596,13.150,48,2014
Sergio Garcia,61,1.984,79.369,72.707,6.662,40,2014
Jim Furyk,84,1.796,118.540,112.517,6.024,66,2014
Adam Scott,68,1.720,96.308,84.001,12.309,56,2014
Matt Kuchar,91,1.573,119.574,84.859,34.717,76,2014
Justin Rose,70,1.466,76.256,78.322,-2.062,52,2014
Jason Day,54,1.389,45.849,35.398,10.451,33,2014
Bubba Watson,76,1.352,75.695,78.510,-2.812,56,2014
Charl Schwartzel,64,1.341,72.436,69.444,2.994,54,2014
Dustin Johnson,58,1.331,54.553,51.193,3.362,41,2014
Ryan Palmer,85,1.265,84.769,65.041,19.733,67,2014
Jimmy Walker,98,1.253,91.491,56.508,34.989,73,2014
Graeme McDowell,66,1.171,53.881,13.290,40.589,46,2014
Graham DeLaet,80,1.168,74.753,80.741,-5.982,64,2014
Hideki Matsuyama,82,1.152,73.751,98.883,-25.129,64,2014
Bill Haas,107,1.090,89.418,77.360,12.063,82,2014
Paul Casey,56,1.008,44.336,31.892,12.446,44,2014
Keegan Bradley,89,.994,66.589,49.587,17.003,67,2014
Henrik Stenson,56,.992,37.693,44.141,-6.447,38,2014
Jordan Spieth,102,.980,77.400,45.885,31.520,79,2014
Brooks Koepka,56,.958,40.255,33.472,6.783,42,2014
Charley Hoffman,93,.956,72.688,52.502,20.191,76,2014
Kevin Na,94,.954,74.378,49.791,24.589,78,2014
Jason Kokrak,65,.908,55.384,41.851,13.532,61,2014
Gary Woodland,93,.900,65.730,76.581,-10.847,73,2014
Webb Simpson,87,.880,65.133,42.933,22.203,74,2014
Phil Mickelson,71,.868,43.419,31.697,11.722,50,2014
Chris Kirk,105,.862,74.138,42.014,32.127,86,2014
Zach Johnson,97,.857,72.001,63.114,8.889,84,2014
Ryan Moore,86,.836,51.844,49.218,2.629,62,2014
Russell Knox,92,.822,68.253,77.881,-9.627,83,2014
John Senden,99,.805,65.177,26.594,38.587,81,2014
George McNeill,79,.799,55.920,36.968,18.955,70,2014
Brendon Todd,108,.793,72.207,11.781,60.431,91,2014
Rickie Fowler,91,.769,47.703,29.729,17.976,62,2014
Charles Howell III,106,.755,71.686,68.141,3.549,95,2014
Marc Leishman,81,.749,51.681,52.826,-1.140,69,2014
Billy Horschel,92,.738,50.919,35.712,15.210,69,2014
Kevin Chappell,100,.692,60.194,84.364,-24.167,87,2014
Luke Donald,57,.690,30.361,7.628,22.733,44,2014
Harris English,95,.677,50.126,52.223,-2.092,74,2014
Daniel Summerhays,98,.675,59.422,16.152,43.275,88,2014
Cameron Tringale,111,.668,65.428,54.924,10.507,98,2014
Lee Westwood,57,.646,27.796,21.287,6.509,43,2014
Brandt Snedeker,89,.644,42.505,20.967,21.541,66,2014
Nick Watney,80,.613,34.303,38.498,-4.191,56,2014
Jerry Kelly,80,.527,34.784,19.033,15.752,66,2014
Jason Dufner,57,.522,21.916,46.128,-24.208,42,2014
Hunter Mahan,88,.520,37.461,22.576,14.888,72,2014
Brendan Steele,89,.519,36.317,27.856,8.462,70,2014
Brian Harman,111,.515,52.053,40.657,11.399,101,2014
Matt Every,85,.497,32.337,-15.331,47.669,65,2014
Ernie Els,85,.483,30.434,41.192,-10.756,63,2014
David Toms,64,.460,24.858,21.893,2.970,54,2014
David Hearn,97,.451,36.991,11.154,25.838,82,2014
Robert Streb,75,.438,28.039,20.432,7.609,64,2014
Robert Garrigus,80,.429,31.319,27.885,3.439,73,2014
Ben Martin,80,.421,26.545,8.209,18.338,63,2014
Shawn Stefani,60,.418,23.809,32.143,-8.331,57,2014
Chris Stroud,88,.418,30.098,16.983,13.118,72,2014
Freddie Jacobson,91,.411,33.253,-23.735,56.992,81,2014
Kevin Stadler,90,.411,26.720,57.074,-30.351,65,2014
J.B. Holmes,86,.401,30.894,36.650,-5.753,77,2014
Kevin Kisner,85,.397,27.811,.637,27.176,70,2014
Bo Van Pelt,83,.378,25.325,28.903,-3.574,67,2014
Stuart Appleby,92,.361,30.300,-10.572,40.874,84,2014
Willy Wilcox,51,.349,13.943,22.085,-8.141,40,2014
Scott Brown,100,.345,28.635,11.134,17.502,83,2014
Andrew Svoboda,77,.344,22.707,24.413,-1.704,66,2014
Patrick Reed,92,.331,24.461,6.021,18.440,74,2014
Retief Goosen,94,.329,25.623,-1.838,27.461,78,2014
Brian Stuard,91,.326,24.108,3.141,20.973,74,2014
Ryo Ishikawa,75,.323,20.002,14.324,5.682,62,2014
Camilo Villegas,95,.315,26.478,26.502,-.021,84,2014
Billy Hurley III,86,.309,22.216,19.404,2.815,72,2014
Seung-Yul Noh,92,.306,22.945,32.036,-9.089,75,2014
Ricky Barnes,92,.302,23.518,11.286,12.237,78,2014
Luke Guthrie,85,.299,22.746,8.293,14.457,76,2014
K.J. Choi,80,.293,19.630,-2.623,22.255,67,2014
Scott Langley,95,.284,22.474,1.289,21.185,79,2014
Chad Campbell,57,.275,12.663,32.617,-19.952,46,2014
Carl Pettersson,91,.259,22.027,33.767,-11.737,85,2014
Heath Slocum,71,.249,15.426,20.289,-4.862,62,2014
Martin Kaymer,65,.244,11.708,17.044,-5.332,48,2014
Brendon de Jonge,109,.224,20.596,23.559,-2.961,92,2014
Will MacKenzie,82,.224,16.386,5.114,11.273,73,2014
Martin Flores,85,.218,14.839,24.601,-9.760,68,2014
Sangmoon Bae,76,.216,14.056,-13.120,27.179,65,2014
Ángel Cabrera,69,.205,12.493,12.056,.439,61,2014
Michael Thompson,74,.149,8.923,-19.026,27.951,60,2014
Andres Romero,81,.145,10.473,-14.925,25.399,72,2014
Tim Wilkinson,86,.127,9.034,-5.534,14.569,71,2014
Stewart Cink,91,.113,8.122,17.521,-9.399,72,2014
Matt Jones,83,.113,6.793,-1.716,8.511,60,2014
Michael Putnam,106,.108,9.853,47.056,-37.202,91,2014
Robert Allenby,83,.105,7.370,18.805,-11.431,70,2014
Tim Clark,75,.086,5.317,3.781,1.538,62,2014
William McGirt,96,.079,6.596,-19.768,26.367,84,2014
Kevin Streelman,79,.074,4.424,4.092,.333,60,2014
Justin Hicks,103,.066,5.952,-.233,6.188,90,2014
Brian Davis,93,.061,4.928,-6.847,11.779,81,2014
Jeff Overton,80,.061,4.038,2.911,1.129,66,2014
Brad Fritsch,50,.060,2.342,4.290,-1.947,39,2014
Aaron Baddeley,74,.044,2.589,-48.855,51.445,59,2014
Morgan Hoffmann,103,.034,3.045,-42.474,45.523,90,2014
Erik Compton,88,.023,1.716,-19.413,21.133,75,2014
Danny Lee,84,.018,1.268,-8.470,9.737,69,2014
Pat Perez,84,-.004,-.303,-19.160,18.859,75,2014
Vijay Singh,83,-.025,-1.868,42.119,-43.983,76,2014
Ian Poulter,57,-.038,-1.568,-4.327,2.759,41,2014
Jhonattan Vegas,77,-.056,-3.578,20.100,-23.675,64,2014
"Ted Potter, Jr.",68,-.090,-5.408,7.527,-12.934,60,2014
Troy Merritt,62,-.099,-5.461,-6.788,1.325,55,2014
Bud Cauley,56,-.105,-4.832,13.065,-17.896,46,2014
Russell Henley,92,-.106,-7.964,-32.882,24.920,75,2014
Charlie Wi,72,-.108,-7.033,-14.340,7.308,65,2014
Martin Laird,66,-.116,-6.402,2.090,-8.490,55,2014
Jason Bohn,81,-.127,-9.259,-18.458,9.201,73,2014
Greg Chalmers,85,-.133,-9.728,-72.206,62.482,73,2014
Andrew Loupe,65,-.136,-6.780,-24.272,17.494,50,2014
Chesson Hadley,84,-.140,-9.926,-12.810,2.884,71,2014
Josh Teater,90,-.143,-10.710,5.679,-16.385,75,2014
Brice Garnett,92,-.147,-11.452,-19.923,8.475,78,2014
Ben Crane,81,-.152,-11.862,-22.585,10.726,78,2014
John Huh,87,-.169,-11.820,-.671,-11.142,70,2014
Ken Duke,80,-.178,-11.759,15.212,-26.967,66,2014
Justin Leonard,75,-.181,-11.252,-42.002,30.751,62,2014
Steven Bowditch,93,-.182,-14.173,31.111,-45.280,78,2014
Jonas Blixt,64,-.209,-8.974,-22.000,13.028,43,2014
Gonzalo Fernandez-Castaño,83,-.211,-14.588,-6.324,-8.265,69,2014
Ben Curtis,77,-.216,-13.813,-39.434,25.623,64,2014
Louis Oosthuizen,50,-.217,-6.517,6.368,-12.882,30,2014
J.J. Henry,91,-.219,-17.051,-2.479,-14.566,78,2014
Bryce Molder,77,-.233,-14.936,-30.861,15.929,64,2014
James Hahn,82,-.236,-17.238,5.096,-22.332,73,2014
Sean O'Hair,77,-.244,-16.374,-21.881,5.510,67,2014
Tyrone Van Aswegen,79,-.247,-16.054,-17.126,1.074,65,2014
Boo Weekley,73,-.277,-15.526,48.974,-64.497,56,2014
Charlie Beljan,76,-.289,-19.350,-3.857,-15.491,67,2014
Jonathan Byrd,76,-.298,-19.399,-1.781,-17.614,65,2014
Roberto Castro,76,-.300,-17.692,4.981,-22.671,59,2014
David Lingmerth,80,-.307,-20.558,-14.734,-5.820,67,2014
Hudson Swafford,75,-.316,-18.321,-6.701,-11.617,58,2014
Trevor Immelman,84,-.317,-21.237,10.544,-31.780,67,2014
Spencer Levin,59,-.324,-16.203,-11.515,-4.683,50,2014
Jamie Lovemark,64,-.351,-16.487,11.031,-27.518,47,2014
Geoff Ogilvy,84,-.363,-26.500,-2.301,-24.193,73,2014
Davis Love III,74,-.418,-26.316,-3.540,-22.774,63,2014
Richard Lee,80,-.432,-26.374,-53.552,27.183,61,2014
Chad Collins,78,-.446,-27.185,-53.902,26.719,61,2014
Brian Gay,81,-.465,-29.278,-46.178,16.901,63,2014
John Peterson,62,-.480,-26.394,18.675,-45.067,55,2014
John Merrick,87,-.517,-37.219,3.706,-40.919,72,2014
Nicholas Thompson,85,-.517,-36.169,7.348,-43.514,70,2014
Bronson La'Cassie,51,-.519,-18.682,-15.512,-3.170,36,2014
Tommy Gainey,73,-.521,-31.286,-32.424,1.140,60,2014
Y.E. Yang,79,-.536,-32.695,-28.261,-4.430,61,2014
Wes Roach,67,-.554,-27.719,-27.702,-.015,50,2014
Johnson Wagner,69,-.565,-32.795,-35.723,2.927,58,2014
Rory Sabbatini,82,-.571,-37.089,-15.923,-21.162,65,2014
Briny Baird,50,-.575,-25.874,-18.848,-7.024,45,2014
Mike Weir,69,-.626,-33.194,-46.753,13.559,53,2014
John Rollins,84,-.647,-43.319,-26.452,-16.864,67,2014
Scott Stallings,77,-.673,-42.420,-23.226,-19.191,63,2014
Jeff Maggert,54,-.748,-32.899,-4.204,-28.696,44,2014
D.H. Lee,54,-.796,-35.840,-36.902,1.062,45,2014
Mark Wilson,69,-.804,-45.826,-15.078,-30.747,57,2014
Woody Austin,63,-.833,-47.497,-39.687,-7.810,57,2014
Kyle Stanley,87,-.834,-60.021,39.718,-99.737,72,2014
Kevin Tway,64,-.834,-39.185,-31.827,-7.357,47,2014
James Driscoll,71,-.835,-48.418,-55.552,7.137,58,2014
Jim Herman,62,-.850,-40.778,-23.412,-17.364,48,2014
Lucas Glover,68,-.936,-43.979,25.325,-69.302,47,2014
Jim Renner,61,-1.013,-52.667,-11.468,-41.196,52,2014
D.A. Points,75,-1.097,-60.317,-41.397,-18.917,55,2014
Troy Matteson,62,-1.337,-65.494,-44.810,-20.683,49,2014
Derek Ernst,80,-1.356,-85.436,-50.277,-35.154,63,2014
Steve Stricker,51,2.193,76.771,51.586,25.185,35,2013
Tiger Woods,61,2.064,88.731,70.396,18.333,43,2013
Justin Rose,62,1.723,79.269,87.932,-8.662,46,2013
Henrik Stenson,65,1.618,71.179,71.008,.171,44,2013
Sergio Garcia,65,1.519,71.404,43.604,27.798,47,2013
Jordan Spieth,82,1.473,98.676,86.489,12.183,67,2013
Phil Mickelson,78,1.436,81.832,44.160,37.669,57,2013
Keegan Bradley,88,1.403,101.011,83.011,18.002,72,2013
Matt Kuchar,93,1.398,96.449,68.950,27.495,69,2013
Jim Furyk,80,1.389,88.906,83.001,5.901,64,2013
Adam Scott,61,1.310,57.657,58.830,-1.174,44,2013
Luke Donald,60,1.279,58.853,34.584,24.266,46,2013
Webb Simpson,92,1.271,88.966,67.026,21.939,70,2013
Charl Schwartzel,69,1.268,68.492,52.241,16.246,54,2013
Bill Haas,85,1.265,87.294,68.945,18.348,69,2013
Brandt Snedeker,79,1.141,66.179,26.026,40.150,58,2013
Hunter Mahan,91,1.134,77.108,51.144,25.964,68,2013
Freddie Jacobson,63,1.075,49.456,28.785,20.669,46,2013
Graham DeLaet,94,1.069,86.559,78.479,8.078,81,2013
Bubba Watson,76,1.069,63.059,68.702,-5.642,59,2013
Rory McIlroy,56,.985,40.365,44.161,-3.796,41,2013
Jason Day,86,.976,59.508,36.959,22.546,61,2013
Chris Kirk,89,.962,77.953,40.995,36.956,81,2013
Jimmy Walker,84,.930,69.722,49.033,20.687,75,2013
Matt Jones,83,.885,61.918,51.769,10.147,70,2013
Ryan Palmer,79,.883,60.897,37.925,22.968,69,2013
Charles Howell III,87,.862,68.969,33.910,35.056,80,2013
Kevin Streelman,86,.858,58.317,41.579,16.735,68,2013
K.J. Choi,85,.845,53.225,31.979,21.244,63,2013
Zach Johnson,84,.844,56.552,32.066,24.485,67,2013
Dustin Johnson,71,.805,41.048,46.187,-5.140,51,2013
Rickie Fowler,75,.783,46.222,21.124,25.099,59,2013
Bob Estes,66,.759,47.066,26.293,20.768,62,2013
Brendon de Jonge,110,.756,73.294,70.355,2.936,97,2013
Russell Henley,80,.754,49.775,9.568,40.206,66,2013
Brian Davis,91,.689,57.207,37.975,19.228,83,2013
Billy Horschel,96,.656,54.488,22.866,31.619,83,2013
Chris Stroud,88,.616,48.083,21.524,26.558,78,2013
Harris English,95,.613,50.304,11.183,39.119,82,2013
Lee Westwood,70,.604,30.788,55.465,-24.676,51,2013
Jerry Kelly,75,.592,37.893,25.203,12.687,64,2013
Jason Dufner,78,.581,35.441,49.509,-14.069,61,2013
Charley Hoffman,84,.578,42.197,32.843,9.350,73,2013
Graeme McDowell,53,.543,20.089,15.058,5.027,37,2013
John Merrick,79,.517,35.165,30.848,4.317,68,2013
Ian Poulter,59,.514,20.049,13.142,6.906,39,2013
Nick Watney,88,.512,37.400,36.954,.445,73,2013
Peter Hanson,45,.508,16.772,.797,15.973,33,2013
Bryce Molder,82,.504,35.809,-6.400,42.205,71,2013
Rory Sabbatini,86,.469,33.794,53.491,-19.700,72,2013
Kevin Stadler,83,.467,32.234,51.808,-19.575,69,2013
Roberto Castro,97,.466,39.153,78.170,-39.019,84,2013
Gary Woodland,94,.459,38.082,32.972,5.105,83,2013
Camilo Villegas,79,.458,29.333,38.886,-9.556,64,2013
Daniel Summerhays,83,.453,35.337,18.065,17.267,78,2013
Martin Flores,83,.426,32.370,26.301,6.065,76,2013
Stewart Cink,71,.416,23.268,36.606,-13.337,56,2013
"Ted Potter, Jr.",65,.406,22.345,8.778,13.565,55,2013
James Driscoll,76,.389,24.490,-16.461,40.948,63,2013
Kevin Chappell,80,.384,25.745,48.402,-22.660,67,2013
Chez Reavie,72,.375,25.098,25.679,-.584,67,2013
David Lynn,70,.361,20.213,-3.957,24.168,56,2013
Ryan Moore,72,.350,19.939,21.508,-1.568,57,2013
David Hearn,88,.345,25.179,-10.166,35.344,73,2013
Cameron Tringale,80,.343,25.708,17.941,7.766,75,2013
Josh Teater,86,.338,20.615,19.246,1.368,61,2013
Jeff Overton,78,.327,24.165,.848,23.314,74,2013
Morgan Hoffmann,64,.318,16.859,6.616,10.240,53,2013
Marc Leishman,77,.318,20.339,15.195,5.144,64,2013
Richard Lee,81,.313,22.543,-18.080,40.621,72,2013
Ernie Els,63,.308,14.778,21.323,-6.547,48,2013
Mark Wilson,56,.300,14.989,25.488,-10.499,50,2013
John Huh,88,.298,22.353,39.364,-17.011,75,2013
Matt Every,89,.293,23.468,30.838,-7.372,80,2013
Pat Perez,69,.284,18.164,20.677,-2.515,64,2013
Stuart Appleby,88,.241,19.039,-8.862,27.895,79,2013
John Rollins,77,.227,15.457,31.974,-16.518,68,2013
Nicholas Thompson,99,.225,19.333,43.459,-24.131,86,2013
Ben Crane,62,.199,10.968,9.646,1.321,55,2013
Jason Kokrak,78,.190,13.668,22.268,-8.601,72,2013
George McNeill,68,.185,11.848,13.657,-1.807,64,2013
Tim Clark,64,.144,6.193,3.696,2.497,43,2013
Martin Kaymer,61,.135,5.658,-.116,5.770,42,2013
Patrick Reed,83,.122,9.062,-16.818,25.875,74,2013
Brandt Jobe,62,.121,6.419,6.497,-.080,53,2013
Robert Garrigus,69,.116,5.703,27.095,-21.395,49,2013
Justin Leonard,86,.115,8.613,-17.458,26.068,75,2013
Boo Weekley,100,.099,8.190,64.281,-56.094,83,2013
John Senden,79,.078,4.787,13.203,-8.416,61,2013
J.J. Henry,83,.072,5.324,-5.457,10.780,74,2013
William McGirt,75,.068,4.845,-11.410,16.251,71,2013
Ángel Cabrera,73,.063,3.616,-.328,3.943,57,2013
Jim Herman,59,.053,2.347,12.427,-10.081,44,2013
Brendan Steele,86,.023,1.736,-.386,2.119,77,2013
Luke Guthrie,82,.015,.950,14.261,-13.313,65,2013
David Lingmerth,68,.015,.827,1.353,-.526,57,2013
Martin Laird,68,.009,.496,7.218,-6.723,53,2013
D.A. Points,87,.000,-.013,10.903,-10.919,68,2013
Vijay Singh,61,-.025,-1.193,40.831,-42.025,48,2013
Jason Bohn,70,-.033,-2.152,-14.350,12.192,66,2013
Greg Chalmers,77,-.033,-2.340,-62.310,59.966,70,2013
Vaughn Taylor,50,-.038,-1.520,-5.641,4.118,40,2013
Chad Campbell,78,-.044,-3.156,14.779,-17.935,72,2013
Brad Fritsch,81,-.046,-3.111,11.316,-14.429,68,2013
Ken Duke,87,-.065,-4.884,-2.968,-1.917,75,2013
Scott Brown,65,-.067,-3.673,8.278,-11.954,55,2013
James Hahn,78,-.067,-4.506,-4.661,.153,67,2013
Brian Stuard,78,-.068,-4.277,-8.512,4.232,63,2013
Bo Van Pelt,72,-.070,-3.805,5.968,-9.773,54,2013
Scott Piercy,78,-.083,-5.148,6.230,-11.378,62,2013
Lucas Glover,65,-.086,-4.490,39.774,-44.265,52,2013
Padraig Harrington,52,-.089,-3.102,1.482,-4.584,35,2013
Sangmoon Bae,83,-.116,-8.360,-35.101,26.740,72,2013
Carl Pettersson,82,-.129,-8.264,-6.465,-1.797,64,2013
Justin Hicks,79,-.139,-9.166,5.256,-14.424,66,2013
Cameron Percy,68,-.167,-9.516,-16.427,6.908,57,2013
Scott Langley,79,-.171,-10.939,-13.523,2.580,64,2013
Tag Ridings,69,-.171,-9.914,-12.997,3.080,58,2013
D.H. Lee,65,-.176,-10.202,-12.338,2.134,58,2013
Erik Compton,74,-.193,-12.557,-27.773,15.213,65,2013
Andres Romero,63,-.200,-10.387,-16.481,6.092,52,2013
Robert Streb,75,-.231,-14.298,-14.296,-.003,62,2013
Scott Stallings,79,-.235,-15.534,-25.156,9.620,66,2013
Shawn Stefani,63,-.235,-11.734,-28.639,16.905,50,2013
Bud Cauley,67,-.247,-13.818,18.099,-31.917,56,2013
Ben Curtis,59,-.248,-11.388,-21.076,9.689,46,2013
Fabián Gómez,65,-.248,-13.901,-20.850,6.947,56,2013
Charlie Wi,75,-.251,-16.560,-28.192,11.630,66,2013
Henrik Norlander,70,-.254,-14.998,-5.542,-9.458,59,2013
Brian Gay,79,-.266,-18.887,-49.253,30.362,71,2013
Jeff Maggert,63,-.267,-15.214,2.808,-18.022,57,2013
Nicolas Colsaerts,50,-.268,-9.630,11.200,-20.830,36,2013
Ricky Barnes,74,-.278,-18.083,19.895,-37.979,65,2013
Robert Karlsson,56,-.286,-10.586,1.874,-12.462,37,2013
Trevor Immelman,73,-.291,-18.019,4.616,-22.637,62,2013
Brian Harman,89,-.296,-22.504,-33.699,11.191,76,2013
Aaron Baddeley,68,-.319,-18.803,-57.783,38.976,59,2013
Steven Bowditch,67,-.329,-19.098,-16.426,-2.675,58,2013
Kyle Stanley,71,-.332,-19.949,21.056,-41.004,60,2013
Tim Herron,45,-.338,-14.858,-13.041,-1.816,44,2013
Dicky Pride,71,-.361,-21.318,-20.667,-.652,59,2013
Doug LaBelle II,72,-.386,-22.802,-54.985,32.180,59,2013
Steve LeBrun,66,-.398,-21.112,-11.518,-9.599,53,2013
Jonas Blixt,76,-.403,-27.001,-47.883,20.883,67,2013
Ben Kohles,75,-.459,-28.432,-31.579,3.144,62,2013
Seung-Yul Noh,71,-.472,-29.288,-.577,-28.715,62,2013
Michael Thompson,66,-.511,-27.086,-20.749,-6.336,53,2013
Jin Park,52,-.512,-22.006,-20.868,-1.140,43,2013
Charlie Beljan,62,-.524,-28.837,-17.580,-11.257,55,2013
D.J. Trahan,48,-.531,-20.195,-10.825,-9.373,38,2013
Tom Gillis,69,-.543,-32.589,-42.988,10.396,60,2013
Ryo Ishikawa,72,-.547,-30.102,7.476,-37.580,55,2013
Andrew Svoboda,46,-.562,-19.666,-22.012,2.342,35,2013
Y.E. Yang,56,-.573,-23.506,-20.678,-2.827,41,2013
Stephen Ames,49,-.584,-25.685,-57.057,31.372,44,2013
Aaron Watkins,46,-.589,-20.601,-34.670,14.068,35,2013
Troy Matteson,68,-.610,-36.005,-36.204,.196,59,2013
Greg Owen,73,-.615,-40.572,3.590,-44.163,66,2013
Casey Wittenberg,72,-.620,-37.823,-53.342,15.516,61,2013
Geoff Ogilvy,57,-.649,-27.242,-13.068,-14.174,42,2013
David Toms,49,-.679,-21.737,-9.625,-12.112,32,2013
Mike Weir,60,-.771,-36.243,-49.790,13.544,47,2013
Tommy Gainey,84,-.781,-58.572,-65.253,6.682,75,2013
Lee Williams,62,-.790,-40.310,-18.559,-21.752,51,2013
Will Claxton,67,-.804,-45.023,-5.329,-39.696,56,2013
Rod Pampling,46,-.857,-29.999,-10.261,-19.740,35,2013
Robert Allenby,58,-.859,-44.678,-27.146,-17.531,52,2013
Darron Stiles,51,-.912,-38.286,-20.337,-17.952,42,2013
Johnson Wagner,64,-.946,-49.207,-63.303,14.096,52,2013
Scott Gardiner,61,-.979,-50.905,-33.728,-17.179,52,2013
Sean O'Hair,56,-1.022,-52.116,-37.986,-14.131,51,2013
Alistair Presnell,59,-1.030,-47.367,-46.460,-.909,46,2013
Derek Ernst,58,-1.075,-52.663,-42.093,-10.569,49,2013
David Mathis,71,-1.149,-71.254,-43.464,-27.791,62,2013
Justin Bolli,59,-1.232,-56.671,-58.419,1.744,46,2013
Colt Knost,69,-1.279,-74.164,-99.419,25.252,58,2013
Michael Bradley,56,-1.319,-56.728,-37.362,-19.368,43,2013
Luke List,65,-1.344,-69.882,-56.019,-13.865,52,2013
Bobby Gates,49,-1.398,-53.106,-53.509,.401,38,2013
Eric Meierdierks,48,-1.476,-54.625,-18.452,-36.175,37,2013
Rory McIlroy,60,2.406,96.228,93.891,2.336,40,2012
Tiger Woods,69,2.310,110.894,94.610,16.282,48,2012
Jim Furyk,85,1.752,113.906,86.407,27.493,65,2012
Luke Donald,63,1.641,78.789,39.530,39.258,48,2012
Justin Rose,69,1.640,86.909,93.376,-6.468,53,2012
Bubba Watson,68,1.529,77.959,92.258,-14.301,51,2012
Dustin Johnson,70,1.509,79.962,70.160,9.800,53,2012
Jason Dufner,83,1.446,92.549,82.772,9.777,64,2012
Bo Van Pelt,84,1.437,93.403,58.193,35.208,65,2012
Phil Mickelson,79,1.422,85.332,51.623,33.707,60,2012
Matt Kuchar,86,1.382,91.204,60.052,31.151,66,2012
Steve Stricker,73,1.295,69.922,62.681,7.240,54,2012
Zach Johnson,95,1.197,88.562,46.559,42.000,74,2012
Adam Scott,59,1.164,47.709,53.368,-5.660,41,2012
Webb Simpson,77,1.123,74.110,60.197,13.911,66,2012
Keegan Bradley,90,1.122,79.633,56.183,23.445,71,2012
Sergio Garcia,57,1.104,48.594,30.990,17.601,44,2012
Brendon de Jonge,115,1.083,110.451,95.757,14.688,102,2012
Jonas Blixt,72,1.062,67.956,16.477,51.477,64,2012
Jason Day,57,1.024,48.135,23.389,24.741,47,2012
Brandt Snedeker,81,1.010,65.682,9.779,55.901,65,2012
Ryan Palmer,81,1.003,71.208,39.039,32.168,71,2012
John Senden,81,1.000,61.972,59.534,2.436,62,2012
Robert Garrigus,89,.988,73.107,89.720,-16.613,74,2012
Louis Oosthuizen,65,.976,47.814,48.024,-.212,49,2012
Charl Schwartzel,56,.925,36.981,33.617,3.365,40,2012
Henrik Stenson,51,.915,38.409,33.989,4.416,42,2012
Ben Curtis,62,.906,43.485,19.244,24.238,48,2012
Padraig Harrington,67,.888,39.939,40.853,-.913,45,2012
Jeff Overton,101,.883,81.271,54.307,26.961,92,2012
Davis Love III,64,.867,45.075,41.771,3.299,52,2012
Carl Pettersson,92,.867,69.395,33.897,35.496,80,2012
Scott Piercy,95,.857,73.686,54.649,19.034,86,2012
Ryan Moore,89,.847,68.627,34.309,34.312,81,2012
Lee Westwood,60,.784,31.351,45.725,-14.374,40,2012
Pat Perez,81,.763,52.638,41.627,11.008,69,2012
Vijay Singh,99,.763,61.778,94.513,-32.738,81,2012
Bud Cauley,99,.721,65.568,59.608,5.957,91,2012
Seung-Yul Noh,105,.721,61.308,49.220,12.086,85,2012
Geoff Ogilvy,73,.691,37.991,24.927,13.063,55,2012
Charles Howell III,98,.679,52.307,48.131,4.174,77,2012
Ernie Els,80,.677,44.004,47.284,-3.280,65,2012
Bill Haas,79,.668,40.740,34.430,6.304,61,2012
Ken Duke,104,.654,58.877,27.423,31.447,90,2012
Greg Chalmers,88,.642,48.159,10.222,37.934,75,2012
Matt Every,80,.613,39.221,33.045,6.173,64,2012
Brian Davis,91,.594,46.908,17.691,29.211,79,2012
Roberto Castro,92,.591,44.316,40.729,3.583,75,2012
Ben Crane,73,.591,36.661,9.893,26.762,62,2012
John Huh,99,.564,47.964,33.735,14.226,85,2012
Ian Poulter,57,.564,21.445,17.513,3.932,38,2012
Martin Laird,77,.549,29.624,24.266,5.356,54,2012
Jimmy Walker,101,.547,49.758,10.927,38.829,91,2012
Hunter Mahan,88,.541,34.632,41.629,-7.000,64,2012
Nick Watney,97,.536,40.721,42.819,-2.103,76,2012
Rickie Fowler,84,.518,34.166,47.503,-13.340,66,2012
Will Claxton,99,.512,44.053,58.400,-14.351,86,2012
Jonathan Byrd,69,.506,28.341,13.648,14.686,56,2012
J.B. Holmes,90,.496,38.651,43.104,-4.454,78,2012
Kevin Na,80,.445,28.944,16.365,12.574,65,2012
Kevin Stadler,85,.439,30.744,49.169,-18.428,70,2012
John Rollins,81,.431,30.634,33.035,-2.404,71,2012
Martin Flores,95,.419,34.325,-19.508,53.826,82,2012
Billy Horschel,63,.391,18.772,22.030,-3.258,48,2012
Johnson Wagner,88,.385,29.258,2.967,26.284,76,2012
Kyle Stanley,86,.384,26.907,82.676,-55.770,70,2012
Graeme McDowell,55,.372,14.135,24.838,-10.701,38,2012
Sean O'Hair,84,.368,27.946,49.679,-21.736,76,2012
Trevor Immelman,76,.365,20.800,27.741,-6.943,57,2012
Bob Estes,78,.362,23.521,18.739,4.782,65,2012
Blake Adams,107,.356,31.339,10.927,20.406,88,2012
Cameron Tringale,88,.356,27.393,19.531,7.855,77,2012
Tom Gillis,75,.339,23.374,8.431,14.940,69,2012
Tim Herron,88,.334,25.398,38.584,-13.188,76,2012
Graham DeLaet,79,.322,22.880,42.586,-19.707,71,2012
Bryce Molder,83,.321,22.821,-24.475,47.290,71,2012
Bill Lunde,83,.305,20.424,36.553,-16.132,67,2012
Tim Clark,60,.301,15.048,21.097,-6.049,50,2012
Harris English,98,.299,25.984,10.744,15.234,87,2012
Greg Owen,90,.298,22.947,55.009,-32.064,77,2012
D.A. Points,88,.284,22.740,31.498,-8.759,80,2012
Chad Campbell,84,.283,20.641,51.651,-31.015,73,2012
Charlie Wi,86,.283,20.681,.279,20.398,73,2012
Kevin Streelman,89,.268,20.641,24.779,-4.144,77,2012
Spencer Levin,81,.262,17.262,-4.532,21.790,66,2012
David Hearn,95,.261,22.951,-.057,23.003,88,2012
K.J. Choi,71,.255,14.262,33.538,-19.278,56,2012
J.J. Henry,93,.255,18.105,21.962,-3.859,71,2012
William McGirt,96,.253,19.983,-2.306,22.289,79,2012
Chris Kirk,93,.244,20.737,37.345,-16.611,85,2012
John Mallinger,74,.218,13.763,19.197,-5.437,63,2012
Marc Leishman,84,.212,16.087,41.250,-25.169,76,2012
Brian Harman,101,.199,17.538,5.952,11.582,88,2012
John Merrick,83,.191,13.784,27.705,-13.925,72,2012
David Toms,60,.191,8.397,14.579,-6.185,44,2012
Russell Knox,72,.179,10.011,9.998,.011,56,2012
Richard Lee,71,.179,10.206,-.573,10.775,57,2012
Gary Christian,91,.149,11.173,16.949,-5.779,75,2012
Brian Gay,91,.148,11.513,-43.379,54.888,78,2012
Aaron Baddeley,73,.143,7.865,-25.339,33.197,55,2012
Josh Teater,97,.128,10.635,28.020,-17.388,83,2012
Daniel Summerhays,81,.126,8.534,12.133,-3.600,68,2012
Chris Couch,61,.125,6.734,2.236,4.491,54,2012
Chris Stroud,86,.121,9.106,2.984,6.117,75,2012
Freddie Jacobson,61,.109,4.812,11.194,-6.384,44,2012
Michael Thompson,80,.106,6.880,-16.223,23.097,65,2012
Charley Hoffman,88,.087,6.606,43.107,-36.504,76,2012
Kyle Reifers,86,.058,4.325,2.777,1.544,74,2012
Brandt Jobe,57,.053,2.391,-9.167,11.553,45,2012
Danny Lee,74,.037,2.188,-.181,2.366,59,2012
Jeff Maggert,83,.030,2.370,12.299,-9.933,78,2012
Vaughn Taylor,81,.030,1.888,-.076,1.961,64,2012
George McNeill,85,.013,.890,-16.014,16.899,71,2012
Rory Sabbatini,84,-.014,-.998,25.600,-26.604,72,2012
Rod Pampling,88,-.020,-1.375,9.189,-10.570,69,2012
Garth Mulroy,59,-.031,-1.420,-1.873,.450,46,2012
Heath Slocum,93,-.035,-2.654,38.877,-41.536,75,2012
Ryo Ishikawa,54,-.038,-1.403,-8.655,7.249,37,2012
Chez Reavie,83,-.045,-2.981,10.587,-13.570,66,2012
Troy Matteson,100,-.051,-4.211,-15.519,11.303,83,2012
James Driscoll,83,-.059,-4.132,-34.501,30.362,70,2012
Kris Blanks,65,-.061,-3.669,32.797,-36.469,60,2012
Jerry Kelly,84,-.067,-4.880,.711,-5.595,73,2012
Billy Mayfair,90,-.077,-5.985,10.001,-15.991,78,2012
Kevin Chappell,91,-.081,-5.828,13.021,-18.857,72,2012
Boo Weekley,74,-.082,-4.760,56.419,-61.185,58,2012
Dicky Pride,62,-.090,-4.433,-10.824,6.391,49,2012
Nathan Green,73,-.100,-5.689,-19.855,14.162,57,2012
David Mathis,83,-.105,-7.266,-30.597,23.324,69,2012
Rocco Mediate,70,-.108,-6.276,-5.575,-.702,58,2012
Hunter Haas,69,-.109,-5.654,-6.229,.571,52,2012
Stuart Appleby,75,-.128,-8.352,-18.346,9.991,65,2012
Kevin Kisner,69,-.139,-7.371,-23.426,16.053,53,2012
Y.E. Yang,64,-.146,-7.021,-31.807,24.781,48,2012
Camilo Villegas,79,-.174,-12.666,12.397,-25.070,73,2012
Jason Bohn,81,-.180,-11.912,-9.481,-2.434,66,2012
Ricky Barnes,92,-.203,-16.636,23.366,-40.006,82,2012
Stewart Cink,71,-.228,-12.296,-28.542,16.239,54,2012
Mark Wilson,84,-.245,-16.693,-9.746,-6.952,68,2012
Bobby Gates,87,-.265,-20.153,-.229,-19.929,76,2012
Gavin Coles,72,-.289,-16.496,-50.169,33.670,57,2012
Gary Woodland,70,-.293,-15.540,10.809,-26.356,53,2012
Scott Stallings,78,-.323,-21.982,5.537,-27.522,68,2012
Mathew Goggin,65,-.327,-17.965,-4.644,-13.322,55,2012
Jhonattan Vegas,77,-.387,-26.700,-24.280,-2.424,69,2012
John Daly,50,-.406,-15.444,-22.740,7.294,38,2012
Andres Romero,68,-.409,-22.102,-10.086,-12.024,54,2012
Jason Kokrak,79,-.447,-30.828,-18.119,-12.709,69,2012
J.J. Killeen,101,-.449,-37.702,-28.697,-9.012,84,2012
Ángel Cabrera,54,-.451,-16.681,-8.651,-8.033,37,2012
Robert Karlsson,54,-.469,-19.230,2.532,-21.765,41,2012
Chris DiMarco,83,-.477,-34.338,-26.234,-8.109,72,2012
Charlie Beljan,61,-.485,-20.870,-2.770,-18.102,43,2012
Nick O'Hern,78,-.489,-33.225,-6.560,-26.669,68,2012
Steve Wheatcroft,56,-.506,-21.260,-22.938,1.675,42,2012
Erik Compton,81,-.517,-33.105,-38.972,5.862,64,2012
Tommy Gainey,98,-.517,-46.535,-56.723,10.183,90,2012
Brendan Steele,77,-.517,-33.082,-25.893,-7.199,64,2012
Harrison Frazar,56,-.551,-26.471,-27.599,1.124,48,2012
Matt Jones,53,-.557,-24.507,-20.528,-3.980,44,2012
Scott Dunlap,57,-.600,-27.580,4.073,-31.655,46,2012
Justin Leonard,79,-.615,-41.831,-19.736,-22.100,68,2012
Robert Allenby,76,-.626,-41.341,-13.091,-28.255,66,2012
Arjun Atwal,79,-.660,-43.529,-29.209,-14.324,66,2012
Daniel Chopra,55,-.679,-29.196,-43.429,14.231,43,2012
Cameron Beckman,81,-.689,-47.529,-23.179,-24.355,69,2012
Troy Kelly,68,-.692,-35.291,-37.822,2.529,51,2012
D.J. Trahan,73,-.726,-44.986,-9.090,-35.901,62,2012
Scott Brown,65,-.771,-39.312,-15.463,-23.853,51,2012
"Ted Potter, Jr.",77,-.823,-50.226,-54.654,4.427,61,2012
Alexandre Rocha,62,-.856,-42.782,-31.202,-11.584,50,2012
Mark Anderson,75,-.875,-53.355,-45.263,-8.095,61,2012
Stephen Ames,54,-.906,-35.337,-25.404,-9.934,39,2012
Ryuji Imada,78,-.910,-62.814,-87.062,24.242,69,2012
Michael Bradley,63,-.954,-52.465,-42.095,-10.374,55,2012
Colt Knost,79,-.981,-65.752,-78.062,12.305,67,2012
Derek Lamely,64,-1.035,-57.966,-93.591,35.620,56,2012
Sangmoon Bae,81,-1.053,-60.020,-67.312,7.288,57,2012
Edward Loar,59,-1.118,-48.070,-54.291,6.217,43,2012
Tom Pernice Jr.,62,-1.127,-58.579,-42.068,-16.513,52,2012
Roland Thatcher,55,-1.158,-50.947,-28.328,-22.622,44,2012
Miguel Angel Carballo,73,-1.170,-66.709,-49.957,-16.753,57,2012
Brendon Todd,78,-1.190,-74.979,-101.873,26.891,63,2012
Marco Dawson,60,-1.215,-55.877,-45.092,-10.788,46,2012
Tommy Biershenk,74,-1.227,-71.177,-84.152,12.972,58,2012
Patrick Sheehan,58,-1.261,-55.502,-48.968,-6.535,44,2012
Matt Bettencourt,80,-1.262,-75.718,-63.649,-12.073,60,2012
Billy Hurley III,70,-1.324,-75.469,-91.197,15.721,57,2012
Kyle Thompson,51,-1.398,-51.739,-6.991,-44.749,37,2012
Sung Kang,75,-1.761,-109.179,-112.322,3.134,62,2012
Stephen Gangluff,57,-1.959,-84.244,-73.809,-10.437,43,2012
Luke Donald,73,2.278,118.431,73.206,45.224,52,2011
Webb Simpson,98,1.764,146.376,123.865,22.508,83,2011
Steve Stricker,70,1.730,91.680,50.346,41.332,53,2011
Nick Watney,80,1.712,106.128,72.245,33.880,62,2011
Matt Kuchar,94,1.540,109.342,82.433,26.909,71,2011
David Toms,78,1.282,75.614,49.309,26.301,59,2011
Charles Howell III,108,1.239,112.761,78.219,34.538,91,2011
Hunter Mahan,92,1.218,92.591,52.528,40.062,76,2011
Phil Mickelson,79,1.182,68.564,79.606,-11.042,58,2011
Aaron Baddeley,77,1.148,71.152,51.070,20.080,62,2011
Brandt Snedeker,85,1.094,73.318,33.953,39.363,67,2011
K.J. Choi,77,1.079,62.556,53.091,9.462,58,2011
Gary Woodland,93,1.041,72.852,80.990,-8.139,70,2011
Zach Johnson,79,1.033,66.114,28.962,37.148,64,2011
Martin Laird,77,.996,61.744,51.785,9.959,62,2011
Sergio Garcia,61,.984,44.262,49.622,-5.361,45,2011
Justin Rose,79,.984,62.014,59.035,2.977,63,2011
Jason Day,76,.976,57.563,23.582,33.978,59,2011
John Senden,94,.967,78.331,53.882,24.446,81,2011
Charl Schwartzel,58,.950,37.994,35.901,2.092,40,2011
Kevin Streelman,90,.934,66.314,41.071,25.244,71,2011
Rickie Fowler,84,.917,60.496,37.338,23.157,66,2011
Bill Haas,93,.916,65.974,54.127,11.846,72,2011
Freddie Jacobson,92,.904,63.270,19.245,44.023,70,2011
Bo Van Pelt,92,.867,61.587,73.437,-11.849,71,2011
J.B. Holmes,57,.847,39.823,42.848,-3.025,47,2011
Spencer Levin,113,.846,79.506,75.766,3.736,94,2011
Ryan Moore,79,.827,49.646,16.674,32.970,60,2011
Robert Allenby,84,.818,57.236,69.349,-12.114,70,2011
Kevin Na,84,.770,52.392,8.221,44.170,68,2011
Carl Pettersson,95,.770,69.286,25.592,43.690,90,2011
Brian Gay,90,.737,54.527,13.383,41.143,74,2011
Geoff Ogilvy,69,.722,38.992,11.067,27.923,54,2011
Rory Sabbatini,85,.719,43.868,68.463,-24.597,61,2011
Jason Dufner,78,.717,46.575,54.113,-7.542,65,2011
Robert Karlsson,61,.678,30.513,27.559,2.954,45,2011
John Rollins,85,.671,48.337,55.629,-7.297,72,2011
Stewart Cink,72,.670,34.827,26.030,8.797,52,2011
Jerry Kelly,85,.667,45.380,27.881,17.496,68,2011
Kyle Stanley,98,.665,53.205,93.676,-40.470,80,2011
Jim Furyk,87,.655,45.866,57.095,-11.231,70,2011
Bryce Molder,82,.653,46.398,-8.269,54.667,71,2011
Adam Scott,60,.635,28.576,39.697,-11.119,45,2011
Brian Davis,105,.605,55.629,58.871,-3.242,92,2011
Vijay Singh,79,.600,43.166,52.577,-9.414,72,2011
Brandt Jobe,100,.596,48.275,49.508,-1.238,81,2011
Bubba Watson,85,.593,34.973,45.707,-10.735,59,2011
Brendon de Jonge,105,.576,53.023,27.917,25.104,92,2011
Dustin Johnson,72,.576,31.124,60.754,-29.630,54,2011
Steve Marino,76,.565,35.048,29.516,5.529,62,2011
Chad Campbell,99,.564,49.097,81.096,-32.002,87,2011
Briny Baird,60,.543,26.626,22.808,3.817,49,2011
Charley Hoffman,93,.525,38.885,57.850,-18.964,74,2011
Rod Pampling,72,.497,29.791,21.984,7.805,60,2011
Pat Perez,76,.492,34.460,18.989,15.470,70,2011
Ben Crane,76,.490,30.367,22.084,8.282,62,2011
Woody Austin,59,.487,24.352,22.486,1.863,50,2011
Mark Wilson,89,.477,33.413,17.124,16.288,70,2011
Andres Romero,77,.474,32.240,5.008,27.229,68,2011
Jonathan Byrd,83,.469,33.801,25.483,8.318,72,2011
Nick O'Hern,89,.462,35.125,39.366,-4.241,76,2011
Chris Couch,73,.450,30.566,3.569,26.996,68,2011
Lucas Glover,74,.442,26.947,12.536,14.407,61,2011
Chris Kirk,87,.432,33.261,48.839,-15.580,77,2011
John Merrick,71,.430,25.791,22.325,3.465,60,2011
Greg Chalmers,88,.420,33.196,-16.955,50.147,79,2011
Chez Reavie,92,.419,34.387,40.719,-6.332,82,2011
Blake Adams,116,.411,43.177,-6.720,49.894,105,2011
Retief Goosen,50,.405,16.218,6.466,9.749,40,2011
Davis Love III,70,.389,20.233,36.790,-16.557,52,2011
Billy Mayfair,94,.385,32.704,52.806,-20.104,85,2011
Jimmy Walker,79,.376,28.606,11.743,16.859,76,2011
J.J. Henry,96,.372,29.403,18.438,10.963,79,2011
Shane Bertsch,62,.367,19.061,11.454,7.603,52,2011
Scott Piercy,78,.346,21.785,6.544,15.240,63,2011
Trevor Immelman,84,.333,22.300,2.422,19.875,67,2011
Charlie Wi,83,.305,23.513,-38.692,62.204,77,2011
D.A. Points,89,.297,21.995,5.227,16.766,74,2011
Hunter Haas,96,.282,23.969,-6.947,30.913,85,2011
Aron Price,58,.280,13.717,9.125,4.591,49,2011
Keegan Bradley,91,.279,21.455,20.924,.528,77,2011
Tommy Gainey,104,.270,24.613,14.417,10.192,91,2011
Y.E. Yang,63,.270,11.358,.124,11.232,42,2011
Padraig Harrington,60,.245,11.010,.322,10.685,45,2011
Cameron Tringale,110,.239,23.215,4.084,19.129,97,2011
Ian Poulter,52,.238,9.300,-1.233,10.533,39,2011
Ricky Barnes,78,.224,14.333,45.066,-30.734,64,2011
David Hearn,88,.222,16.899,-.055,16.952,76,2011
Graeme McDowell,50,.197,7.304,2.430,4.874,37,2011
Jeff Overton,92,.196,14.279,3.056,11.220,73,2011
Ben Curtis,66,.190,11.799,-3.023,14.820,62,2011
Ángel Cabrera,50,.172,6.037,-11.796,17.831,35,2011
D.J. Trahan,91,.169,14.035,81.698,-67.666,83,2011
William McGirt,103,.162,14.889,-2.145,17.030,92,2011
Ernie Els,71,.160,9.428,51.033,-41.606,59,2011
Kris Blanks,92,.152,12.652,49.176,-36.524,83,2011
Robert Garrigus,83,.139,9.570,36.071,-26.499,69,2011
Tim Herron,85,.122,9.394,-2.040,11.431,77,2011
David Mathis,83,.095,6.637,-8.392,15.023,70,2011
Camilo Villegas,69,.091,5.159,16.211,-11.053,57,2011
Josh Teater,104,.085,7.797,16.006,-8.210,92,2011
Vaughn Taylor,89,.077,6.376,-6.326,12.699,83,2011
Bill Lunde,92,.060,4.610,4.370,.239,77,2011
Scott Stallings,84,.059,4.056,14.706,-10.651,69,2011
Chris Stroud,88,.057,4.414,16.521,-12.110,78,2011
Johnson Wagner,81,.057,4.010,-25.900,29.910,70,2011
Marc Leishman,87,.026,2.046,9.985,-7.943,80,2011
George McNeill,69,-.002,-.132,.932,-1.067,58,2011
Brendan Steele,89,-.006,-.453,4.172,-4.624,77,2011
Paul Stankowski,78,-.020,-1.331,-22.393,21.060,65,2011
Chris DiMarco,93,-.021,-1.757,10.116,-11.876,82,2011
Heath Slocum,89,-.036,-2.651,33.838,-36.491,74,2011
Michael Thompson,79,-.052,-3.563,-34.462,30.897,69,2011
Anthony Kim,72,-.071,-4.144,-17.994,13.848,58,2011
Matt McQuillan,59,-.084,-4.041,-24.950,20.905,48,2011
Michael Bradley,74,-.086,-5.059,6.479,-11.540,59,2011
Sean O'Hair,71,-.089,-5.352,9.810,-15.165,60,2011
Chris Riley,76,-.091,-6.171,13.651,-19.826,68,2011
Justin Leonard,82,-.099,-7.322,.823,-8.148,74,2011
Jim Renner,65,-.111,-5.893,-13.808,7.912,53,2011
Ryuji Imada,83,-.117,-8.863,3.074,-11.936,76,2011
Tim Petrovic,88,-.119,-9.179,-22.805,13.623,77,2011
Ryan Palmer,82,-.125,-7.483,-4.674,-2.812,60,2011
Alex Cejka,59,-.138,-6.483,24.770,-31.253,47,2011
Jason Bohn,74,-.144,-9.640,-5.051,-4.592,67,2011
Troy Matteson,91,-.162,-13.144,-1.018,-12.127,81,2011
Michael Putnam,67,-.162,-8.576,-31.000,22.422,53,2011
Jhonattan Vegas,84,-.172,-12.010,10.026,-22.038,70,2011
Kent Jones,76,-.177,-11.878,-13.735,1.854,67,2011
Jim Herman,69,-.180,-10.244,9.383,-19.628,57,2011
Sung Kang,63,-.184,-9.383,-7.269,-2.117,51,2011
Billy Horschel,75,-.192,-11.918,-10.438,-1.480,62,2011
James Driscoll,71,-.209,-12.753,-11.227,-1.527,61,2011
Kevin Stadler,88,-.218,-15.920,15.156,-31.076,73,2011
Dean Wilson,62,-.220,-12.528,-40.571,28.040,57,2011
Joe Durant,71,-.233,-14.884,40.246,-55.134,64,2011
Tag Ridings,87,-.237,-17.529,-22.377,4.847,74,2011
Steve Flesch,88,-.255,-19.868,-44.853,24.983,78,2011
Stephen Ames,69,-.262,-15.714,-16.411,.697,60,2011
Harrison Frazar,58,-.266,-11.154,5.066,-16.218,42,2011
Steven Bowditch,86,-.267,-20.860,-33.444,12.580,78,2011
Ben Martin,74,-.275,-17.904,-44.274,26.366,65,2011
Garrett Willis,71,-.278,-17.806,-15.810,-1.998,64,2011
Boo Weekley,66,-.282,-16.100,46.621,-62.721,57,2011
Joe Ogilvie,75,-.306,-18.692,-28.854,10.160,61,2011
Kevin Chappell,78,-.314,-19.175,11.378,-30.551,61,2011
Steve Elkington,50,-.340,-14.291,-27.406,13.115,42,2011
Scott McCarron,65,-.347,-18.746,-46.787,28.038,54,2011
Marc Turnesa,54,-.365,-16.811,-26.893,10.079,46,2011
Alexandre Rocha,65,-.375,-18.365,-18.342,-.026,49,2011
Matt Jones,71,-.377,-24.140,-24.245,.099,64,2011
Nathan Green,81,-.394,-27.574,-35.101,7.525,70,2011
Arjun Atwal,91,-.409,-33.930,-37.603,3.672,83,2011
Michael Connell,76,-.425,-30.570,-23.575,-6.998,72,2011
Lee Janzen,62,-.443,-22.127,-30.652,8.521,50,2011
Joseph Bramlett,73,-.470,-28.690,6.764,-35.456,61,2011
Roland Thatcher,67,-.491,-29.942,-41.806,11.862,61,2011
J.P. Hayes,56,-.528,-25.348,-26.516,1.168,48,2011
Tom Gillis,55,-.573,-28.645,-6.837,-21.808,50,2011
Shaun Micheel,77,-.575,-37.377,-46.370,8.991,65,2011
Paul Goydos,81,-.594,-43.948,2.539,-46.486,74,2011
Fabián Gómez,84,-.602,-41.555,-33.452,-8.103,69,2011
Andres Gonzales,60,-.652,-29.998,-36.571,6.569,46,2011
Cameron Beckman,71,-.653,-41.784,-34.645,-7.141,64,2011
Stuart Appleby,65,-.663,-39.796,-28.752,-11.048,60,2011
Scott Gutschewski,67,-.667,-36.688,-1.620,-35.071,55,2011
Colt Knost,80,-.667,-44.709,-62.855,18.143,67,2011
Matt Bettencourt,84,-.766,-58.977,-65.074,6.094,77,2011
David Duval,67,-.801,-46.472,-25.360,-21.113,58,2011
Jarrod Lyle,83,-.820,-59.013,-47.278,-11.737,72,2011
Bio Kim,71,-.854,-49.517,-51.407,1.889,58,2011
Nate Smith,66,-.883,-46.788,-68.549,21.759,53,2011
Bobby Gates,82,-.898,-60.142,-29.845,-30.298,67,2011
Kevin Kisner,70,-.906,-51.632,-59.532,7.897,57,2011
Alex Prugh,82,-.958,-67.988,-26.640,-41.352,71,2011
Will Strickler,51,-1.000,-43.012,-55.659,12.645,43,2011
Troy Merritt,63,-1.031,-58.754,-39.737,-19.020,57,2011
Richard Johnson,64,-1.044,-56.390,-62.703,6.310,54,2011
Zack Miller,86,-1.051,-78.854,-42.610,-36.247,75,2011
D.J. Brigman,67,-1.053,-57.930,-44.462,-13.469,55,2011
Rich Beem,53,-1.281,-58.924,-31.682,-27.246,46,2011
Martin Piller,63,-1.351,-70.228,-81.071,10.840,52,2011
Derek Lamely,65,-1.383,-80.232,-61.599,-18.634,58,2011
Justin Hicks,60,-1.416,-62.300,-20.284,-42.016,44,2011
Rocco Mediate,53,-1.522,-73.034,-43.218,-29.817,48,2011
Daniel Summerhays,75,-1.581,-104.330,-85.032,-19.299,66,2011
Steve Stricker,73,1.818,101.807,77.428,24.378,56,2010
Retief Goosen,75,1.598,84.708,48.581,36.128,53,2010
Jim Furyk,76,1.564,93.844,69.521,24.324,60,2010
Luke Donald,71,1.493,79.146,32.801,46.346,53,2010
Matt Kuchar,97,1.461,109.552,62.058,47.492,75,2010
Paul Casey,64,1.411,62.098,25.839,36.258,44,2010
Ernie Els,72,1.322,72.733,54.567,18.164,55,2010
Justin Rose,78,1.195,83.677,66.643,17.031,70,2010
Bo Van Pelt,104,1.192,103.730,94.919,8.809,87,2010
Robert Allenby,76,1.156,70.505,61.855,8.646,61,2010
Padraig Harrington,57,1.063,46.756,35.145,11.609,44,2010
Phil Mickelson,76,1.001,57.079,65.598,-8.519,57,2010
Charley Hoffman,85,.995,76.610,68.472,8.138,77,2010
K.J. Choi,82,.984,60.047,56.572,3.475,61,2010
Dustin Johnson,83,.979,61.665,54.730,6.932,63,2010
J.B. Holmes,100,.936,82.360,76.407,5.953,88,2010
Bill Haas,87,.918,68.885,73.859,-4.976,75,2010
Nick Watney,91,.915,63.129,55.635,7.492,69,2010
Ben Crane,85,.862,56.913,39.197,17.712,66,2010
Adam Scott,70,.862,44.806,83.693,-38.883,52,2010
Kevin Na,94,.854,64.890,27.499,37.389,76,2010
Tim Clark,88,.832,56.586,38.331,18.255,68,2010
Stewart Cink,84,.827,53.779,40.831,12.947,65,2010
Rickie Fowler,98,.793,65.831,55.222,10.606,83,2010
Zach Johnson,93,.792,59.422,15.742,43.681,75,2010
Charles Howell III,103,.784,70.516,29.652,40.861,90,2010
Brendon de Jonge,114,.762,69.312,68.867,.443,91,2010
Vijay Singh,75,.753,42.931,85.134,-42.204,57,2010
Jason Day,82,.738,52.374,53.382,-1.008,71,2010
Dean Wilson,54,.736,34.606,-2.058,36.666,47,2010
Geoff Ogilvy,62,.735,36.761,18.213,18.547,50,2010
Freddie Jacobson,83,.722,55.574,36.890,18.684,77,2010
Rory McIlroy,54,.714,28.543,37.758,-9.214,40,2010
Bubba Watson,77,.695,46.580,51.611,-5.032,67,2010
David Toms,86,.693,48.520,30.342,18.174,70,2010
Camilo Villegas,78,.691,38.717,60.883,-22.166,56,2010
Ryan Moore,80,.687,41.888,23.473,18.414,61,2010
Charlie Wi,95,.679,60.446,10.700,49.745,89,2010
Hunter Mahan,85,.665,44.530,39.925,4.603,67,2010
Chad Campbell,94,.645,52.228,60.763,-8.535,81,2010
Jeff Overton,89,.630,44.734,15.746,28.988,71,2010
Tom Gillis,97,.616,55.451,23.529,31.921,90,2010
Sean O'Hair,84,.615,39.954,45.300,-5.347,65,2010
John Senden,103,.608,52.938,65.191,-12.255,87,2010
Ricky Barnes,103,.604,50.118,48.141,1.975,83,2010
Heath Slocum,97,.580,42.333,61.077,-18.744,73,2010
Pat Perez,90,.572,47.480,16.045,31.430,83,2010
Brandt Snedeker,89,.572,42.876,8.142,34.734,75,2010
Steve Marino,81,.567,35.720,19.350,16.366,63,2010
Spencer Levin,110,.564,55.243,42.454,12.789,98,2010
Paul Stankowski,62,.561,29.748,12.340,17.409,53,2010
Steve Elkington,74,.557,32.861,13.333,19.528,59,2010
Carl Pettersson,99,.554,46.016,-21.823,67.836,83,2010
Stephen Ames,75,.553,38.142,12.824,25.319,69,2010
Justin Leonard,89,.539,38.840,25.652,13.188,72,2010
Chris Riley,73,.538,33.896,22.103,11.790,63,2010
Jonathan Byrd,85,.524,42.989,40.301,2.685,82,2010
Brian Gay,101,.518,42.478,-17.275,59.751,82,2010
Bryce Molder,84,.507,37.016,2.446,34.567,73,2010
John Rollins,81,.497,37.264,53.217,-15.954,75,2010
Matt Jones,89,.495,39.598,-1.634,41.231,80,2010
D.J. Trahan,92,.494,40.509,78.977,-38.469,82,2010
Shaun Micheel,70,.487,25.826,13.281,12.545,53,2010
Joe Durant,67,.481,27.414,44.148,-16.735,57,2010
Kevin Sutherland,86,.468,36.486,43.541,-7.056,78,2010
Jason Bohn,84,.430,31.852,22.438,9.414,74,2010
Marc Leishman,87,.418,30.066,40.522,-10.459,72,2010
Kenny Perry,69,.401,22.462,36.113,-13.650,56,2010
Graham DeLaet,88,.396,30.104,57.139,-27.036,76,2010
Vaughn Taylor,87,.387,30.602,35.250,-4.647,79,2010
J.J. Henry,92,.360,28.472,11.116,17.356,79,2010
Scott Verplank,74,.360,20.178,18.071,2.103,56,2010
Greg Chalmers,93,.354,30.792,-36.907,67.700,87,2010
Chris Couch,66,.307,18.122,.144,17.975,59,2010
Lucas Glover,75,.297,17.535,24.568,-7.035,59,2010
Ryan Palmer,84,.294,20.868,-9.871,30.735,71,2010
Ryuji Imada,90,.286,24.053,-22.256,46.306,84,2010
Aron Price,70,.259,16.039,14.962,1.077,62,2010
Ángel Cabrera,64,.249,12.699,20.422,-7.724,51,2010
Tim Petrovic,105,.249,23.384,23.972,-.589,94,2010
Michael Sim,64,.235,12.429,-14.975,27.402,53,2010
Ben Curtis,78,.234,15.444,.288,15.156,66,2010
Chris Stroud,90,.229,16.487,12.143,4.343,72,2010
Jerry Kelly,99,.209,17.113,53.947,-36.836,82,2010
Aaron Baddeley,94,.208,18.306,-25.897,44.202,88,2010
Will MacKenzie,72,.202,13.705,43.778,-30.073,68,2010
D.A. Points,90,.199,15.727,23.823,-8.099,79,2010
Boo Weekley,88,.183,13.538,41.296,-27.759,74,2010
Davis Love III,79,.173,11.447,44.895,-33.449,66,2010
Briny Baird,87,.169,13.349,14.881,-1.534,79,2010
Webb Simpson,98,.169,15.505,-18.430,33.930,92,2010
Y.E. Yang,72,.166,9.640,-1.110,10.747,58,2010
Rory Sabbatini,79,.160,10.696,23.986,-13.291,67,2010
Scott McCarron,90,.155,12.888,-29.615,42.499,83,2010
Martin Laird,91,.145,11.450,35.372,-23.921,79,2010
Chad Collins,87,.143,10.706,-36.242,46.945,75,2010
Michael Connell,89,.142,10.972,-15.036,26.006,77,2010
Andres Romero,73,.136,9.791,-8.513,18.303,72,2010
Stuart Appleby,101,.130,11.446,16.597,-5.150,88,2010
Kevin Streelman,90,.130,10.411,6.908,3.502,80,2010
Tom Pernice Jr.,74,.121,7.001,16.458,-9.457,58,2010
Jeev Milkha Singh,59,.118,6.159,8.602,-2.441,52,2010
Charles Warren,64,.109,6.021,28.650,-22.628,55,2010
Brett Wetterich,54,.107,5.670,12.179,-6.509,53,2010
Jimmy Walker,82,.093,6.542,-10.837,17.376,70,2010
Alex Prugh,88,.092,7.367,-8.946,16.310,80,2010
Sergio Garcia,58,.068,2.441,15.273,-12.832,36,2010
Brett Quigley,96,.065,5.737,-1.205,6.942,88,2010
James Driscoll,78,.056,4.139,-18.853,22.989,74,2010
Chris DiMarco,88,.052,4.090,8.965,-4.876,78,2010
Woody Austin,93,.034,2.847,7.778,-4.930,83,2010
Michael Letzig,84,.029,2.357,8.947,-6.593,80,2010
George McNeill,79,.028,1.960,-20.716,22.673,70,2010
Jarrod Lyle,54,.027,1.240,-.850,2.090,46,2010
John Merrick,109,.019,1.716,13.214,-11.499,92,2010
Mark Wilson,87,.009,.735,-10.574,11.307,79,2010
Jason Dufner,87,.006,.433,41.803,-41.374,69,2010
Scott Piercy,88,-.004,-.337,-17.854,17.514,81,2010
Chris Tidland,77,-.004,-.245,-16.239,15.990,68,2010
J.P. Hayes,79,-.035,-2.400,-3.843,1.439,68,2010
Jeff Quinney,91,-.039,-3.101,-34.132,31.028,80,2010
Bob Estes,79,-.048,-3.420,-4.518,1.094,71,2010
Garrett Willis,82,-.053,-3.742,6.001,-9.745,71,2010
Alex Cejka,81,-.073,-4.957,26.900,-31.856,68,2010
Matt Every,60,-.073,-3.725,-15.818,12.093,51,2010
Johnson Wagner,85,-.095,-6.994,-11.865,4.870,74,2010
Josh Teater,101,-.109,-10.022,18.942,-28.966,92,2010
Troy Matteson,84,-.157,-12.245,22.424,-34.671,78,2010
Kris Blanks,91,-.161,-11.938,30.184,-42.123,74,2010
Rocco Mediate,71,-.164,-10.006,23.087,-33.095,61,2010
John Mallinger,78,-.175,-11.393,-14.840,3.442,65,2010
Brian Davis,101,-.181,-16.089,5.955,-22.045,89,2010
Lee Janzen,77,-.199,-13.906,7.088,-20.996,70,2010
Kevin Stadler,86,-.221,-15.902,3.952,-19.853,72,2010
Jay Williamson,76,-.221,-13.468,-4.037,-9.434,61,2010
Tim Herron,79,-.227,-15.693,-27.566,11.871,69,2010
Blake Adams,84,-.233,-17.504,-32.384,14.879,75,2010
Cameron Percy,73,-.236,-13.925,15.032,-28.959,59,2010
Mike Weir,59,-.241,-9.636,-8.831,-.808,40,2010
Joe Ogilvie,99,-.249,-21.395,-29.034,7.636,86,2010
Nathan Green,86,-.254,-20.554,-47.916,27.359,81,2010
James Nitties,92,-.262,-21.248,-31.426,10.175,81,2010
Robert Garrigus,71,-.269,-16.415,-5.503,-10.911,61,2010
David Duval,71,-.278,-15.586,-22.254,6.668,56,2010
Mathias Grönberg,61,-.286,-14.304,-4.951,-9.353,50,2010
Richard Johnson,90,-.293,-21.362,-35.480,14.115,73,2010
Rod Pampling,77,-.314,-21.981,-4.716,-17.267,70,2010
Trevor Immelman,55,-.324,-13.914,-17.255,3.339,43,2010
Paul Goydos,78,-.331,-21.877,-11.567,-10.312,66,2010
Ian Poulter,55,-.335,-11.385,-18.429,7.044,34,2010
Michael Bradley,77,-.392,-26.637,-21.067,-5.573,68,2010
Garth Mulroy,53,-.436,-18.320,6.193,-24.513,42,2010
Troy Merritt,86,-.437,-33.667,-73.439,39.768,77,2010
Cameron Tringale,55,-.465,-20.931,10.916,-31.846,45,2010
Bill Lunde,79,-.466,-31.218,-30.884,-.335,67,2010
Billy Mayfair,78,-.467,-30.341,35.323,-65.665,65,2010
Matt Bettencourt,91,-.487,-34.114,-59.716,25.601,70,2010
Cliff Kresge,50,-.488,-21.981,3.757,-25.736,45,2010
Mathew Goggin,85,-.501,-38.083,-9.282,-28.802,76,2010
Omar Uresti,74,-.512,-31.232,14.848,-46.080,61,2010
Rich Barcelo,70,-.520,-30.134,-38.771,8.637,58,2010
Cameron Beckman,68,-.545,-32.139,-14.905,-17.235,59,2010
Derek Lamely,81,-.592,-37.915,-39.101,1.184,64,2010
Henrik Bjornstad,72,-.626,-36.937,-24.552,-12.385,59,2010
Steve Wheatcroft,74,-.626,-36.283,-48.304,12.021,58,2010
Steve Flesch,78,-.651,-42.323,-37.071,-5.248,65,2010
Brenden Pappas,66,-.731,-40.208,-35.036,-5.173,55,2010
Jeff Maggert,76,-.741,-46.690,-24.203,-22.489,63,2010
Greg Owen,69,-.745,-46.190,-6.699,-39.492,62,2010
Brian Stuard,81,-.746,-52.981,-73.366,20.383,71,2010
Roland Thatcher,72,-.788,-53.607,-27.747,-25.859,68,2010
Brent Delahoussaye,57,-.811,-38.109,-49.153,11.045,47,2010
Skip Kendall,58,-.832,-40.758,-57.216,16.457,49,2010
Nicholas Thompson,88,-.875,-67.362,.870,-68.234,77,2010
Martin Flores,75,-.883,-56.522,-49.692,-6.829,64,2010
Ted Purdy,86,-.892,-66.912,-58.811,-8.102,75,2010
Roger Tambellini,77,-.925,-57.377,-9.339,-48.037,62,2010
John Daly,63,-.989,-46.499,-15.740,-30.757,47,2010
Mark Calcavecchia,50,-.996,-32.864,-4.162,-28.705,33,2010
Andrew McLardy,52,-1.005,-44.240,-36.627,-7.612,44,2010
David Lutterus,69,-1.044,-58.458,-39.618,-18.839,56,2010
Daniel Chopra,74,-1.096,-73.445,-97.884,24.436,67,2010
Craig Bowden,56,-1.104,-52.984,-33.504,-19.479,48,2010
Jeff Gove,57,-1.164,-51.230,-9.308,-41.921,44,2010
Steve Lowery,67,-1.177,-65.901,-44.490,-21.412,56,2010
Vance Veazey,58,-1.444,-69.305,-63.790,-5.513,48,2010
Chris Wilson,65,-1.631,-84.824,-50.005,-34.821,52,2010
Jerod Turner,54,-1.885,-75.394,-75.322,-.071,40,2010
Justin Bolli,55,-1.918,-80.550,-57.160,-23.390,42,2010
Greg Kraft,52,-2.041,-79.611,-72.400,-7.211,39,2010
Brad Faxon,58,-2.093,-100.480,-120.894,20.410,48,2010
Kevin Johnson,62,-2.147,-105.189,-87.938,-17.253,49,2010
